1,アマランサス　玄穀　,358,12.7,6.0,72.3,7.4,0.00254
2,あわ　精白粒　,367,11.2,4.4,73,3.3,0.00254
3,あわ　あわもち　,214,5.1,1.3,46.8,1.5,0
4,えんばく オートミール　,380,13.7,5.7,78.5,9.4,0.00762
5, 七分つき押麦　,341,10.9,2.1,82.4,10.3,0.00508
6,押麦　,340,6.2,1.3,87.4,9.6,0.00508
7,米粒麦　,343,7,2.1,84.9,8.7,0.00508
8,大麦めん　乾　,339,12.9,1.7,74.3,6.3,2.794
9,大麦めん　ゆで　,122,4.8,0.6,26.8,2.5,0.16256
10,　麦こがし　,391,12.5,5.0,92.6,15.5,0.00508
11,きび　精白粒　　　,363,11.3,3.3,72.5,1.6,0.00508
12,国産　普通　,337,10.6,3.1,83,10.8,0.00508
13,輸入　軟質　,348,10.1,3.3,86.4,11.2,0.00508
14,輸入　硬質　,334,13,3.0,80.8,11.4,0.00508
15,薄力粉　1等　,367,8.3,1.5,78.3,2.5,0
16,薄力粉　2等　,368,9.3,1.9,76.9,2.6,0
17,中力粉　1等　,367,9.0,1.6,77.9,2.8,0.00254
18,中力粉　2等　,368,9.7,1.8,76.1,2.1,0.00254
19,強力粉　1等　,365,11.8,1.5,74.4,2.7,0
20,強力粉　2等　,366,12.6,1.7,72.7,2.1,0
21,強力粉　全粒粉　,328,12.8,2.9,79.4,11.2,0.00508
22,プレミックス粉　お好み焼き用　,352,10.1,1.9,76.4,2.8,3.556
23,プレミックス粉　ホットケーキ用　,365,7.8,4.0,76.2,1.8,0.9906
24,プレミックス粉　から揚げ用　,331,10.2,1.2,72.6,2.6,9.652
25,プレミックス粉　天ぷら用　,351,8.8,1.3,78.6,2.5,0.5334
26,食パン　　,264,9.3,4.4,49,2.3,1.27
27,コッペパン　　,265,8.5,3.8,51.1,2.0,1.3208
28,乾パン　　,393,9.5,4.4,81.9,3.1,1.2446
29,フランスパン　　,279,9.4,1.3,60.2,2.7,1.5748
30,ライ麦パン　　,264,8.4,2.2,58.3,5.6,1.1938
31,ぶどうパン　　,269,8.2,3.5,53.3,2.2,1.016
32,ロールパン　　,316,10.1,9.0,50.6,2.0,1.2446
33,クロワッサン　　,448,7.9,26.8,45.7,1.8,1.1938
34,イングリッシュマフィン　　,228,8.1,3.6,42,1.2,1.2192
35,ナン　　,262,10.3,3.4,49.6,2.0,1.3462
36,ベーグル　　,275,9.6,2.0,57.1,2.5,1.1684
37,うどん　生　,270,6.1,0.6,58,1.2,2.54
38,うどん　ゆで　,105,2.6,0.4,22.4,0.8,0.3048
39,干しうどん　乾　,348,8.5,1.1,74.3,2.4,4.318
40,干しうどん　ゆで　,126,3.1,0.5,26.5,0.7,0.5334
41,そうめん・ひやむぎ　乾　,356,9.5,1.1,75.2,2.5,3.81
42,そうめん・ひやむぎ　ゆで　,127,3.5,0.4,26.7,0.9,0.2159
43,手延そうめん・手延ひやむぎ　乾　,342,9.3,1.5,70.7,1.8,5.842
44,手延そうめん・手延ひやむぎ　ゆで　,127,3.5,0.6,26.5,1.0,0.3302
45,中華めん　生　,281,8.6,1.2,57.8,2.1,1.0414
46,中華めん　ゆで　,149,4.9,0.6,30.5,1.3,0.1778
47,蒸し中華めん　　,198,5.3,1.7,40.3,1.9,0.4318
48,干し中華めん　乾　,365,10.5,1.6,75.9,2.9,1.27
49,干し中華めん　ゆで　,140,4.1,0.5,29.6,1.5,0.1905
50,沖縄生　,284,9.2,2.0,56.3,2.1,2.0574
51,沖縄ゆで　,147,5.2,0.8,29.5,1.5,0.4318
52,干し沖縄乾　,351,12.0,1.7,69.9,2.1,4.318
53,干し沖縄ゆで　,148,5.2,0.6,30.1,1.5,0.508
54,即席中華めん　油揚げ味付け　,445,10.1,16.7,66,2.5,6.35
55,即席中華めん　油揚げ　,458,10.1,19.1,63.8,2.4,5.588
56,即席中華めん　非油揚げ　,356,10.3,5.2,69.4,2.3,6.858
57,中華スタイル即席カップめん　油揚げ　,448,10.7,19.7,59.2,2.3,6.858
58,中華スタイル即席カップめん　油揚げ　焼き,436,8.4,18.9,60.5,2.4,3.81
59,中華スタイル即席カップめん　非油揚げ　,342,9.0,6.4,65.1,2.9,6.858
60,和風スタイル即席カップめん　油揚げ　,451,10.9,20.1,58.5,1.9,6.858
61,マカロニ・スパゲッティ　乾　,379,12.2,1.9,76.6,2.7,0.00254
62,マカロニ・スパゲッティ　ゆで　,165,5.4,0.9,33.7,1.7,1.1684
63,生パスタ　生　,247,7.8,1.9,48.4,1.5,1.1938
64,生ふ　　,163,12.7,0.8,26.7,0.5,0.01778
65,焼きふ　釜焼きふ　,385,28.5,2.7,60.6,3.7,0.01524
66,焼きふ　板ふ　,379,25.6,3.3,61.1,3.8,0.4826
67,焼きふ　車ふ　,387,30.2,3.4,56.8,2.6,0.2794
68,　小麦はいが　　,426,32.0,11.6,62.6,14.3,0.00762
69,　小麦たんぱく　粉末状　,437,72.0,9.7,13,2.4,0.1524
70,　小麦たんぱく　粒状　,111,20.0,2.0,2.2,0.4,0.09144
71,　小麦たんぱく　ペースト状　,159,25.0,4.1,4.4,0.5,0.5842
72,　ぎょうざの皮　　,291,9.3,1.4,59.2,2.2,0.00508
73,　しゅうまいの皮　　,295,8.3,1.4,61.1,2.2,0.00508
74,　ピザ生地　,268,9.1,3.0,53.4,2.3,1.2954
75,　ちくわぶ　　,171,7.1,1.2,32.6,1.5,0.00254
76,　パン粉　生　,280,11.0,5.1,50.6,3.0,0.889
77,　パン粉　半生　,319,12.5,5.8,57.8,3.5,1.016
78,　パン粉　乾燥　,373,14.6,6.8,67.4,4.0,1.1684
79,　冷めん　生　,252,3.9,0.7,58.7,1.1,1.3462
115,［うるち米製品］　アルファ化米　一般用　,388,6.0,1.0,86,1.2,0.0127
116,［うるち米製品］　アルファ化米　学校給食用強化品　,388,6.0,1.0,86,1.2,0.0127
117,［うるち米製品］　おにぎり　　,179,2.7,0.3,39.8,0.4,0.508
118,［うるち米製品］　焼きおにぎり　　,181,3.1,0.3,39.9,0.4,0.9652
119,［うるち米製品］　きりたんぽ　　,210,3.2,0.4,46.6,0.4,0.00254
120,［うるち米製品］　上新粉　　,362,6.2,0.9,79.1,0.6,0.00508
121,［うるち米製品］　玄米粉　　,395,7.1,2.9,87.6,3.5,0.00762
122,［うるち米製品］　米粉　　,374,6.0,0.7,82.5,0.6,0.00254
123,［うるち米製品］　米粉パン　　,255,3.4,3.1,52.2,0.9,0.8636
124,［うるち米製品］　米粉めん　　,265,3.6,0.7,59.3,0.9,0.12192
125,［うるち米製品］　ビーフン　　,377,7.0,1.6,80.8,0.9,0.00508
126,［うるち米製品］　米こうじ　　,286,5.8,1.7,60.6,1.4,0.00762
127,［もち米製品］　もち　　,234,4.0,0.6,51.3,0.5,0
128,［もち米製品］　赤飯　　,190,4.3,0.6,43.5,1.6,0
129,［もち米製品］　あくまき　　,132,2.3,1.8,25.9,0.2,0.04064
130,［もち米製品］　白玉粉　　,369,6.3,1.0,80.5,0.5,0.00508
131,［もち米製品］　道明寺粉　　,372,7.1,0.7,81.1,0.7,0.01016
132,米ぬか　　,412,13.4,19.6,69.3,20.5,0.01778
133,そば粉　全層粉　　,361,12.0,3.1,73.9,4.3,0.00508
134,そば粉　内層粉　　,359,6.0,1.6,79.4,1.8,0.00254
135,そば粉　中層粉　　,360,10.2,2.7,76,4.4,0.00508
136,そば粉　表層粉　　,358,15.0,3.6,72.2,7.1,0.00508
137,そば米　　　,364,9.6,2.5,77.4,3.7,0.00254
138,そば　生　　,274,9.8,1.9,57.2,2.7,0.00254
139,そば　ゆで　　,132,4.8,1.0,28,2.0,0.00508
140,そば　干し乾　　,344,14.0,2.3,70.4,3.7,2.159
141,そば　干しゆで　　,114,4.8,0.7,23.6,1.5,0.127
142,玄穀　黄色種　　,350,8.6,5.0,79.6,9.0,0.00762
143,玄穀　白色種　　,350,8.6,5.0,79.6,9.0,0.00762
144,コーンミール　黄色種　　,363,8.3,4.0,80.4,8.0,0.00508
145,コーンミール　白色種　　,363,8.3,4.0,80.4,8.0,0.00508
146,コーングリッツ　黄色種　　,355,8.2,1.0,78.8,2.4,0.00254
147,コーングリッツ　白色種　　,355,8.2,1.0,78.8,2.4,0.00254
148,コーンフラワー　黄色種　　,363,6.6,2.8,77.8,1.7,0.00254
149,コーンフラワー　白色種　　,363,6.6,2.8,77.8,1.7,0.00254
150,ジャイアントコーン　フライ　味付け　　,435,5.7,11.8,87.1,10.5,1.0922
151,ポップコーン　　　,484,10.2,22.8,68.9,9.3,1.4478
152,コーンフレーク　　　,381,7.8,1.7,86,2.4,2.1082
153,はとむぎ　精白粒　　　,360,13.3,1.3,72.8,0.6,0.00254
154,ひえ　精白粒　　　,366,9.4,3.3,77.5,4.3,0.01524
155,もろこし　玄穀　　　,352,10.3,4.7,80.8,9.7,0.00508
156,もろこし　精白粒　　　,364,9.5,2.6,78.5,4.4,0.00508
157,ライむぎ　全粒粉　　　,334,12.7,2.7,84,13.3,0.00254
158,ライむぎ　ライ麦粉　　　,351,8.5,1.6,88.7,12.9,0.00254
159,穀類混合品　五穀　,357,12.6,2.8,75.3,5.1,0.00254
160,きくいも　塊茎　生　　　,35,1.9,0.4,16.6,1.9,0.00254
161,きくいも　塊茎　水煮　　　,28,1.6,0.5,13.4,2.1,0.00254
162,こんにゃく　精粉　　　,177,3.0,0.1,165.2,79.9,0.04572
163,こんにゃく　板こんにゃく　精粉こんにゃく　　,5,0.1,0,4.5,2.2,0.0254
164,こんにゃく　板こんにゃく　生いもこんにゃく　　,7,0.1,0.1,6.3,3.0,0.00508
165,こんにゃく　赤こんにゃく　　　,5,0.1,0,4.8,2.3,0.02794
166,こんにゃく　凍みこんにゃく　乾　　,167,3.3,1.4,148.4,71.3,0.13208
167,こんにゃく　凍みこんにゃく　ゆで　　,36,0.7,0.3,32.3,15.5,0.02794
168,こんにゃく　しらたき　　　,6,0.2,0,5.9,2.9,0.0254
169,さつまいも　塊根　皮むき　生　　,134,1.2,0.2,34.1,2.2,0.02794
170,さつまいも　塊根　皮むき　蒸し　　,134,1.2,0.2,34.2,2.3,0.02794
171,さつまいも　塊根　皮むき　焼き　　,163,1.4,0.2,42.5,3.5,0.03302
172,さつまいも　塊根　皮つき　生　　,140,0.9,0.5,35.9,2.8,0.05842
173,さつまいも　塊根　皮つき　蒸し　　,140,0.9,0.2,37.5,3.8,0.05588
174,さつまいも　塊根　皮つき　天ぷら　　,221,1.4,6.8,41.5,3.1,0.09144
175,さつまいも　蒸し切干　　　,303,3.1,0.6,77.8,5.9,0.04572
176,むらさきいも　塊根　皮むき　生　　,133,1.2,0.3,34.2,2.5,0.0762
177,むらさきいも　塊根　皮むき　蒸し　　,132,1.2,0.3,34.4,3.0,0.07112
178,さといも　球茎　生　　,58,1.5,0.1,15.4,2.3,0
179,さといも　球茎　水煮　　,59,1.5,0.1,15.8,2.4,0.00254
180,さといも　球茎　冷凍　　,72,2.2,0.1,18.1,2.0,0.00762
181,セレベス　球茎　生　　,89,2.2,0.3,22.1,2.3,0
182,セレベス　球茎　水煮　　,85,2.1,0.3,21.3,2.2,0
183,たけのこいも　球茎　生　　,103,1.7,0.4,26.3,2.8,0.00254
184,たけのこいも　球茎　水煮　　,96,1.6,0.4,24.2,2.4,0.00254
185,みずいも　球茎　生　　,117,0.7,0.4,29.8,2.2,0.01524
186,みずいも　球茎　水煮　　,110,0.7,0.4,28.6,2.5,0.0127
187,やつがしら　球茎　生　　,97,3.0,0.7,23.3,2.8,0.00254
188,やつがしら　球茎　水煮　　,93,2.7,0.6,22.8,2.8,0.00254
189,じゃがいも　塊茎　生　　　,76,1.6,0.1,18.9,1.3,0.00254
190,じゃがいも　塊茎　蒸し　　　,84,1.5,0.1,21.5,1.8,0.00254
191,じゃがいも　塊茎　水煮　　　,73,1.5,0.1,18.4,1.6,0.00254
192,じゃがいも　フライドポテト　　　,237,2.9,10.6,35.5,3.1,0.00508
193,じゃがいも　乾燥マッシュポテト　　　,357,6.6,0.6,89.4,6.6,0.1905
194,ヤーコン　塊根　生　　　,54,0.6,0.3,13.5,1.1,0
195,ヤーコン　塊根　水煮　　　,44,0.6,0.3,11.1,1.2,0
196,　ながいも　いちょういも　塊根　生　,108,4.5,0.5,24,1.4,0.0127
197,　ながいも　ながいも　塊根　生　,65,2.2,0.3,14.9,1.0,0.00762
198,　ながいも　ながいも　塊根　水煮　,59,2.0,0.3,14,1.4,0.00762
199,　ながいも　やまといも　塊根　生　,123,4.5,0.2,29.6,2.5,0.03048
200,　じねんじょ　塊根　生　　,121,2.8,0.7,28.7,2.0,0.01524
201,　だいじょ　塊根　生　　,109,2.6,0.1,27.2,2.2,0.0508
202,キャッサバでん粉　　　,346,0.1,0.2,85.3,0,0.00254
203,くずでん粉　　　,347,0.2,0.2,85.6,0,0.00508
204,米でん粉　　　,366,0.2,0.7,89.3,0,0.02794
205,小麦でん粉　　　,351,0.2,0.5,86,0,0.00762
206,サゴでん粉　　　,349,0.1,0.2,86.1,0,0.01778
207,さつまいもでん粉　　　,332,0.1,0.2,82,0,0.00254
208,じゃがいもでん粉　　　,330,0.1,0.1,81.6,0,0.00508
209,とうもろこしでん粉　　　,354,0.1,0.7,86.3,0,0.00254
210,くずきり　乾　　,356,0.2,0.2,88.6,0.9,0.01016
211,くずきり　ゆで　　,135,0.1,0.1,34.1,0.8,0.00508
212,ごま豆腐　　　,81,1.5,4.3,10.1,1.0,0
213,タピオカパール　乾　　,355,0,0.2,88.3,0.5,0.0127
214,タピオカパール　ゆで　　,62,0,0,15.6,0.2,0
215,でん粉めん　生　　,131,0.1,0.2,33,0.8,0.02032
216,でん粉めん　乾　　,353,0.2,0.3,88.5,1.8,0.08128
217,でん粉めん　乾　ゆで　　,84,0,0.2,21.2,0.6,0.0127
218,はるさめ　緑豆はるさめ　乾　,356,0.2,0.4,91.6,4.1,0.03556
219,はるさめ　緑豆はるさめ　ゆで　,84,0,0.1,22.1,1.5,0
220,はるさめ　普通はるさめ　乾　,350,0,0.2,87.8,1.2,0.01778
221,はるさめ　普通はるさめ　ゆで　,80,0,0,20.7,0.8,0.00254
222,黒砂糖　　　,354,1.7,0,89.7,0,0.06858
223,和三盆糖　　　,383,0.2,0,98.8,0,0.00254
224,車糖　上白糖　　,384,0,0,99.2,0,0.00254
225,車糖　三温糖　　,382,0,0,98.7,0,0.01778
226,ざらめ糖　グラニュー糖　　,387,0,0,100,0,0
227,ざらめ糖　白ざら糖　　,387,0,0,100,0,0
228,ざらめ糖　中ざら糖　　,387,0,0,100,0,0.00508
229,加工糖　角砂糖　　,387,0,0,100,0,0
230,加工糖　氷砂糖　　,387,0,0,100,0,0
231,加工糖　コーヒーシュガー　　,387,0.1,0,99.9,0,0.00508
232,加工糖　粉糖　　,386,0,0,99.7,0,0.00254
233,液糖　しょ糖型液糖　　,271,0,0,70,0,0
234,液糖　転化型液糖　　,307,0,0,79.3,0,0.01016
235,氷糖みつ　　　,265,0.2,0,68.2,0,0.0254
236,粉あめ　　　,381,0,0,97,0,0
237,水あめ　酵素糖化　　,328,0,0,85,0,0
238,水あめ　酸糖化　　,328,0,0,85,0,0
239,ぶどう糖　全糖　　,335,0,0,91,0,0
240,ぶどう糖　含水結晶　　,336,0,0,91.3,0,0
241,ぶどう糖　無水結晶　　,367,0,0,99.7,0,0
242,果糖　　　,368,0,0,99.9,0,0
243,異性化液糖　ぶどう糖果糖液糖　　,276,0,0,75,0,0
244,異性化液糖　果糖ぶどう糖液糖　　,276,0,0,75,0,0
245,異性化液糖　高果糖液糖　　,276,0,0,75,0,0
246,黒蜜　,199,1.0,0,50.5,0,0.0381
247,はちみつ　,294,0.2,0,79.7,0,0.01524
248,メープルシロップ　　　,257,0.1,0,66.3,0,0.00254
249,あずき　全粒　乾　　　,339,20.3,2.2,76.5,17.8,0.00254
250,あずき　全粒　ゆで　　　,143,8.9,1.0,36,11.8,0.00254
251,あずき　ゆで小豆缶詰　　　,218,4.4,0.4,52.6,3.4,0.2286
252,あずき　あん　こしあん　　,155,9.8,0.6,33.9,6.8,0.00762
253,あずき　あん　さらしあん　　,385,26.2,1.0,94.4,27.6,0.02794
254,あずき　あん　つぶしあん　　,244,5.6,0.6,59.7,5.7,0.14224
255,いんげんまめ　全粒　乾　　　,333,19.9,2.2,77.1,19.3,0.00254
256,いんげんまめ　全粒　ゆで　　　,143,8.5,1.0,38.1,13.3,0
257,いんげんまめ　うずら豆　,237,6.7,1.3,55.5,5.9,0.2794
258,いんげんまめ　こしあん　　　,155,9.4,0.9,35.5,8.5,0.02286
259,いんげんまめ　豆きんとん　　　,249,4.9,0.5,61,4.8,0.254
260,えんどう　全粒　青えんどう　乾　　,352,21.7,2.3,77.8,17.4,0.00254
261,えんどう　全粒　赤えんどう　乾　　,352,21.7,2.3,77.8,17.4,0.00254
262,えんどう　全粒　青えんどう　ゆで　　,148,9.2,1.0,32.9,7.7,0.00254
263,えんどう　全粒　赤えんどう　ゆで　　,148,9.2,1.0,32.9,7.7,0.00254
264,えんどう　グリンピース（揚げ豆）　　　,423,20.8,11.6,78.4,19.6,0.889
265,えんどう　塩豆　　　,364,23.3,2.4,79.4,17.9,1.5494
266,えんどう　うぐいす豆　,240,5.6,0.7,58.2,5.3,0.381
267,ささげ　全粒　乾　　　,336,23.9,2.0,73.4,18.4,0.00254
268,ささげ　全粒　ゆで　　　,145,10.2,0.9,34.5,10.7,0
269,そらまめ　全粒　乾　　　,348,26.0,2.0,65.2,9.3,0.00254
270,そらまめ　フライビーンズ　　　,472,24.7,20.8,61.3,14.9,1.7526
271,そらまめ　おたふく豆　,251,7.9,1.2,58.1,5.9,0.4064
272,そらまめ　ふき豆　,263,9.6,1.6,57,4.5,0.8128
273,そらまめ　しょうゆ豆　,196,9.8,0.9,47.2,10.1,1.1684
274,国産　黄大豆　乾　,422,33.8,19.7,47.4,17.9,0.00254
275,国産　黒大豆　乾　,414,33.9,18.1,46.8,16.0,0
276,国産　黄大豆　ゆで　,176,14.8,9.8,15,6.6,0.00254
277,米国産　黄大豆　乾　,433,33.0,21.7,44.7,15.9,0.00254
278,中国産　黄大豆　乾　,422,32.8,19.5,46.4,15.6,0.00254
279,ブラジル産　黄大豆　乾　,451,33.6,22.6,48,17.3,0.00508
280,だいずいり大豆　黄大豆　,439,37.5,21.6,52.7,19.4,0.0127
281,だいずいり大豆　黒大豆　,442,36.4,22.0,53.5,19.2,0.01016
282,だいずいり大豆　青大豆　,435,37.7,20.7,52.3,18.4,0.01016
283,だいず水煮缶詰　黄大豆　　,140,12.9,6.7,14.5,6.8,0.5334
284,だいず蒸し大豆　黄大豆 　,205,16.6,9.8,22.6,8.8,0.5842
285,だいずきな粉　全粒大豆　黄大豆　,450,36.7,25.7,46.6,18.1,0.00254
286,だいずきな粉　全粒大豆　青大豆　,431,37.0,22.8,46.2,16.9,0.00254
287,だいずきな粉　脱皮大豆　黄大豆　,451,37.5,25.1,44.8,15.3,0.00508
288,だいず大豆はいが　　,442,37.8,14.7,58.3,18.8,0
289,だいずぶどう豆　,289,14.1,9.4,43.3,6.3,1.5748
290,木綿豆腐　,72,6.6,4.2,2,0.4,0.14986
291,絹ごし豆腐　　,56,4.9,3.0,2.3,0.3,0.03556
292,ソフト豆腐　　,59,5.1,3.3,2.4,0.4,0.01778
293,充てん豆腐　　,59,5.0,3.1,2.8,0.3,0.0254
294,沖縄豆腐　　,106,9.1,7.2,1.2,0.5,0.4318
295,ゆし豆腐　　,50,4.3,2.8,2,0.3,0.6096
296,焼き豆腐　　,88,7.8,5.7,1.5,0.5,0.01016
297,生揚げ　　,150,10.7,11.3,1.6,0.7,0.00762
298,油揚げ　生　,410,23.4,34.4,1.7,1.3,0.01016
299,油揚げ　油抜き　生　,288,18.2,23.4,0,0.9,0.00508
300,油揚げ　油抜き　焼き　,398,24.9,32.2,1.9,1.2,0.01016
301,油揚げ　油抜き　ゆで　,177,12.4,13.8,0.9,0.6,0
302,がんもどき　　,228,15.3,17.8,3,1.4,0.4826
303,凍り豆腐　乾　,536,50.5,34.1,6.7,2.5,1.1176
304,凍り豆腐　水煮　,115,10.7,7.3,1.6,0.5,0.6604
305,豆腐よう　　,189,9.5,8.3,19.9,0.8,1.9304
306,豆腐竹輪　蒸し　,126,14.9,4.4,7.5,0.8,1.8796
307,豆腐竹輪　焼き　,139,16.1,4.9,8.2,0.7,2.286
308,ろくじょう豆腐　　,347,34.7,21.5,7,3.2,10.922
309,糸引き納豆　　,200,16.5,10.0,18.8,6.7,0.00508
310,挽きわり納豆　　,194,16.6,10.0,16.4,5.9,0.00508
311,五斗納豆　　,227,15.3,8.1,28.9,4.9,5.842
312,寺納豆　　,271,18.6,8.1,39.1,7.6,14.224
313,おから　生　,111,6.1,3.6,25.3,11.5,0.0127
314,おから　乾燥　,421,23.1,13.6,95.9,43.6,0.04826
315,豆乳　豆乳　,46,3.6,2.0,3.3,0.2,0.00508
316,豆乳　調製豆乳　,64,3.2,3.6,5.1,0.3,0.127
317,豆乳　豆乳飲料・麦芽コーヒー　,60,2.2,2.2,7.9,0.1,0.10668
318,大豆たんぱく　粒状大豆たんぱく　　,360,46.3,3.0,54.5,17.8,0.00762
319,大豆たんぱく　濃縮大豆たんぱく　　,361,58.2,1.7,48.8,20.9,1.397
320,大豆たんぱく　分離大豆たんぱく　塩分無調整タイプ　,388,79.1,3.0,11.7,4.2,3.302
321,大豆たんぱく　分離大豆たんぱく　塩分調整タイプ　,388,79.1,3.0,11.7,4.2,1.6256
322,大豆たんぱく　繊維状大豆たんぱく　　,383,59.3,5.0,30.8,5.6,3.556
323,湯葉　生　　,231,21.8,13.7,4.9,0.8,0.01016
324,湯葉　干し　乾　,530,50.4,32.1,10.2,3.0,0.03048
325,湯葉　干し　湯戻し　,161,15.7,10.6,1.3,1.2,0.00508
326,金山寺みそ　　　,256,6.9,3.2,53.2,3.2,5.08
327,ひしおみそ　　　,206,6.5,2.7,41.6,2.8,4.826
328,テンペ　　　,202,15.8,9.0,25.6,10.2,0.00508
329,つるあずき　全粒　乾　　　,348,20.8,1.6,83.8,22.0,0.00254
330,つるあずき　全粒　ゆで　　　,159,9.7,1.0,40.9,13.4,0
331,ひよこまめ　全粒　乾　　　,374,20.0,5.2,77.8,16.3,0.04318
332,ひよこまめ　全粒　ゆで　　　,171,9.5,2.5,39,11.6,0.0127
333,ひよこまめ　全粒　フライ　味付け　　　,419,18.8,10.4,83.6,21.0,1.778
334,べにばないんげん　全粒　乾　　　,332,17.2,1.7,87.9,26.7,0.00254
335,べにばないんげん　全粒　ゆで　　　,121,6.2,0.6,29.9,7.6,0.00254
336,らいまめ　全粒　乾　　　,351,21.9,1.8,80.4,19.6,0
337,らいまめ　全粒　ゆで　　　,152,9.6,0.9,36.9,10.9,0
338,りょくとう　全粒　乾　　　,354,25.1,1.5,73.7,14.6,0
339,りょくとう　全粒　ゆで　　　,137,10.2,0.6,27.7,5.2,0.00254
340,レンズまめ　全粒　乾　　　,352,23.2,1.5,77.4,16.7,0
341,レンズまめ　全粒　ゆで　　　,170,11.2,0.8,38.5,9.4,0
342,アーモンド　乾　　　,587,19.6,51.8,31,10.1,0.00254
343,アーモンド　フライ 味付け　　　,606,19.2,53.6,34.2,11.9,0.3302
344,アーモンド　いり　無塩　　　,608,20.3,54.1,31.7,11.0,0
345,あさ　乾　　　,463,29.5,27.9,54,22.7,0.00508
346,あまに　いり　,564,21.9,43.5,54.5,24.0,0.1778
347,えごま　乾　　　,544,17.7,43.4,50.2,20.8,0.00508
348,カシューナッツ　フライ　味付け　　　,576,19.8,47.6,33.4,6.7,0.5588
349,かぼちゃ　いり　味付け　　　,574,26.5,51.8,19.3,7.3,0.11938
350,かや　いり　　　,665,8.7,64.9,40.8,18.2,0.01524
351,ぎんなん　生　　　,171,4.7,1.6,36.4,1.6,0
352,ぎんなん　ゆで　　　,174,4.6,1.5,38.2,2.4,0.00254
353,日本ぐり　生　　,164,2.8,0.5,41.1,4.2,0.00254
354,日本ぐり　ゆで　　,167,3.5,0.6,43.3,6.6,0.00254
355,日本ぐり　甘露煮　　,238,1.8,0.4,59.6,2.8,0.01778
356,中国ぐり　甘ぐり　　,222,4.9,0.9,57,8.5,0.00508
357,くるみ　いり　　　,674,14.6,68.8,19.2,7.5,0.01016
358,けし　乾　　　,567,19.3,49.1,38.3,16.5,0.01016
359,ココナッツ　ココナッツパウダー　　　　,668,6.1,65.8,37.8,14.1,0.0254
360,ごま　乾　　　,578,19.8,51.9,29.2,10.8,0.00508
361,ごま　いり　　　,599,20.3,54.2,31.1,12.6,0.00508
362,ごま　むき　　　,603,19.3,54.9,31.8,13.0,0.00508
363,ごま　ねり　　　,605,20.5,54.7,31.4,12.7,0.00508
364,しい　生　　　,252,3.2,0.8,60.9,3.3,0.00254
365,すいか　いり　味付け　　　,546,29.6,46.4,20.5,7.1,1.4732
366,とち　蒸し　　　,161,1.7,1.9,40.8,6.6,0.635
367,はす　未熟　生　　　,85,5.9,0.5,17.5,2.6,0.00508
368,はす　成熟　乾　　　,344,18.3,2.3,74.6,10.3,0.01524
369,はす　成熟　ゆで　　　,133,7.3,0.8,30,5.0,0.00254
370,ひし　生　　　,190,5.8,0.5,43.5,2.9,0.0127
371,ピスタチオ　いり　味付け　　　,615,17.4,56.1,30.1,9.2,0.6858
372,ひまわり　フライ　味付け　　　,611,20.1,56.3,24.1,6.9,0.635
373,ブラジルナッツ　フライ　味付け　　　,669,14.9,69.1,16.8,7.2,0.19812
374,ヘーゼルナッツ　フライ　味付け　　　,684,13.6,69.3,21.3,7.4,0.0889
375,ペカン　フライ　味付け　　　,702,9.6,73.4,20.4,7.1,0.3556
376,マカダミアナッツ　いり　味付け　　　,720,8.3,76.7,18.4,6.2,0.4826
377,まつ　生　　　,669,15.8,68.2,14.7,4.1,0.00508
378,まつ　いり　　　,690,14.6,72.5,15,6.9,0.01016
379,らっかせい　乾　大粒種　　,562,25.4,47.5,26.2,7.4,0.00508
380,らっかせい　乾　小粒種　　,562,25.4,47.5,26.2,7.4,0.00508
381,らっかせい　いり　大粒種　　,585,26.5,49.4,26.8,7.2,0.00508
382,らっかせい　いり　小粒種　　,585,26.5,49.4,26.8,7.2,0.00508
383,らっかせい　バターピーナッツ　　　,592,25.5,51.3,25.1,6.9,0.3048
384,らっかせい　ピーナッツバター　　　,640,25.4,50.7,26.6,6.1,0.889
385,アーティチョーク　花らい　生　　　,48,2.3,0.2,20,8.7,0.05334
386,アーティチョーク　花らい　ゆで　　　,45,2.1,0.1,19.4,8.6,0.03048
387,あさつき　葉　生　　　,33,4.2,0.3,8.9,3.3,0.01016
388,あさつき　葉　ゆで　　　,39,4.2,0.3,10.7,3.4,0.01016
389,あしたば　茎葉　生　　　,33,3.3,0.1,12.3,5.6,0.1524
390,あしたば　茎葉　ゆで　　　,31,2.9,0.1,11.9,5.3,0.10922
391,アスパラガス　若茎　生　　　,22,2.6,0.2,5.7,1.8,0.00508
392,アスパラガス　若茎　ゆで　　　,24,2.6,0.1,6.7,2.1,0.00508
393,アスパラガス　若茎　油いため　　　,57,2.9,3.9,6.2,2.1,0.00762
394,アスパラガス　水煮缶詰　　　,22,2.4,0.1,6,1.7,0.889
395,アロエ　葉　生　　　,3,0,0.1,1.1,0.4,0.02032
396,いんげんまめ　さやいんげん　若ざや　生　　,23,1.8,0.1,7.5,2.4,0.00254
397,いんげんまめ　さやいんげん　若ざや　ゆで　　,26,1.8,0.2,8.1,2.6,0.00254
398,うど　茎　生　　,18,0.8,0.1,5.7,1.4,0
399,うど　茎　水さらし　　,14,0.6,0,5,1.6,0
400,やまうど　茎　生　　,19,1.1,0.1,6.1,1.8,0.00254
401,えだまめ　生　　　,135,11.7,6.2,13.8,5.0,0.00254
402,えだまめ　ゆで　　　,134,11.5,6.1,13.5,4.6,0.00508
403,えだまめ　冷凍　　　,159,13.0,7.6,17.9,7.3,0.0127
404,エンダイブ　葉　生　　　,15,1.2,0.2,5.1,2.2,0.0889
405,トウミョウ　茎葉　生　　,27,3.8,0.4,7.3,3.3,0.01778
406,トウミョウ　芽ばえ　生　　,24,3.8,0.4,5.4,2.2,0.00254
407,トウミョウ　芽ばえ　ゆで　　,27,3.6,0.6,7.3,3.5,0.00254
408,トウミョウ　芽ばえ　油いため　　,82,5.0,5.9,7.3,3.0,0.00508
409,さやえんどう　若ざや　生　　,36,3.1,0.2,10.5,3.0,0.00254
410,さやえんどう　若ざや　ゆで　　,34,3.2,0.2,10.1,3.1,0.00254
411,スナップえんどう　若ざや　生　　,43,2.9,0.1,12.4,2.5,0.00254
412,グリンピース　生　　,93,6.9,0.4,23,7.7,0.00254
413,グリンピース　ゆで　　,110,8.3,0.2,27.1,8.6,0.00762
414,グリンピース　冷凍　　,98,5.6,0.7,23.1,5.9,0.22352
415,グリンピース　水煮缶詰　　,98,3.6,0.4,26.6,6.9,0.8382
416,おおさかしろな　葉　生　　　,13,1.4,0.2,4,1.8,0.05588
417,おおさかしろな　葉　ゆで　　　,17,1.6,0.3,5.3,2.2,0.0508
418,おおさかしろな　塩漬　　　,22,1.3,0.3,7.6,3.1,1.5748
419,おかひじき　茎葉　生　　　,17,1.4,0.2,5.9,2.5,0.14224
420,おかひじき　茎葉　ゆで　　　,17,1.2,0.1,6.5,2.7,0.16764
421,オクラ　果実　生　　　,30,2.1,0.2,11.6,5.0,0.01016
422,オクラ　果実　ゆで　　　,33,2.1,0.1,12.8,5.2,0.01016
423,かぶ　葉　生　　　,20,2.3,0.1,6.8,2.9,0.06096
424,かぶ　葉　ゆで　　　,22,2.3,0.1,8.1,3.7,0.04572
425,かぶ　根　皮つき　生　　　,20,0.7,0.1,6.1,1.5,0.0127
426,かぶ　根　皮つき　ゆで　　　,21,0.7,0.1,6.5,1.8,0.01524
427,かぶ　根　皮むき　生　　　,21,0.6,0.1,6.2,1.4,0.0127
428,かぶ　根　皮むき　ゆで　　　,22,0.6,0.1,6.7,1.7,0.01016
429,かぶ　漬物　塩漬　葉　,29,2.3,0.2,9.6,3.6,2.3114
430,かぶ　漬物　塩漬　根　皮つき　,23,1.0,0.2,6.8,1.9,2.794
431,かぶ　漬物　塩漬　根　皮むき　,21,0.8,0.1,6.7,2.0,4.318
432,かぶ　漬物　ぬかみそ漬　葉　,34,3.3,0.1,11.1,4.0,3.81
433,かぶ　漬物　ぬかみそ漬　根　皮つき　,28,1.5,0.1,7.9,2.0,2.1844
434,かぶ　漬物　ぬかみそ漬　根　皮むき　,31,1.4,0.1,8.7,1.8,6.858
435,日本かぼちゃ　果実　生　　,49,1.6,0.1,13.7,2.8,0.00254
436,日本かぼちゃ　果実　ゆで　　,60,1.9,0.1,16.9,3.6,0.00254
437,西洋かぼちゃ　果実　生　　,91,1.9,0.3,24.1,3.5,0.00254
438,西洋かぼちゃ　果実　ゆで　　,93,1.6,0.3,25.4,4.1,0.00254
439,西洋かぼちゃ　果実　焼き　　,122,2.5,0.4,33,5.3,0
440,西洋かぼちゃ　果実　冷凍　　,83,2.2,0.3,22.7,4.2,0.00762
441,そうめんかぼちゃ　果実　生　　,24,0.7,0.1,7.6,1.5,0.00254
442,からしな　葉　生　　　,26,3.3,0.1,8.4,3.7,0.1524
443,からしな　塩漬　　 　,36,4.0,0.1,12.2,5.0,2.4638
444,カリフラワー　花序　生　　　,27,3.0,0.1,8.1,2.9,0.02032
445,カリフラワー　花序　ゆで　　　,26,2.7,0.1,8.3,3.2,0.02032
446,かんぴょう　乾　　　,260,6.3,0.2,98.2,30.1,0.00762
447,かんぴょう　ゆで　　　,28,0.7,0,12.5,5.3,0.00254
448,きく　花びら　生　　　,27,1.4,0,9.9,3.4,0.00508
449,きく　花びら　ゆで　　　,23,1.0,0,8.6,2.9,0.00254
450,きく　菊のり　　　,292,11.6,0.2,103.1,29.6,0.03556
451,キャベツ　結球葉　生　　,23,1.3,0.2,7,1.8,0.0127
452,キャベツ　結球葉　ゆで　　,20,0.9,0.2,6.6,2.0,0.00762
453,キャベツ　結球葉　油いため　　,81,1.6,6.0,8.1,2.2,0.01524
454,グリーンボール　結球葉　生　　,20,1.4,0.1,5.9,1.6,0.01016
455,レッドキャベツ　結球葉　生　　,30,2.0,0.1,9.5,2.8,0.01016
456,きゅうり　果実　生　　　,14,1.0,0.1,4.1,1.1,0.00254
457,きゅうり　漬物　塩漬　　,16,1.0,0.1,5,1.3,2.54
458,きゅうり　漬物　しょうゆ漬　　,50,3.2,0.4,14.2,3.4,4.064
459,きゅうり　漬物　ぬかみそ漬　　,27,1.5,0.1,7.7,1.5,5.334
460,きゅうり　漬物　ピクルス　スイート型　,67,0.3,0.1,20,1.7,1.1176
461,きゅうり　漬物　ピクルス　サワー型　,12,1.4,0,3.9,1.4,2.54
462,ぎょうじゃにんにく　葉　生　　　,34,3.5,0.2,9.9,3.3,0.00508
463,キンサイ　茎葉　生　　　,19,1.1,0.4,6,2.5,0.06858
464,キンサイ　茎葉　ゆで　　　,19,1.1,0.4,6.4,2.9,0.06858
465,クレソン　茎葉　生　　　,15,2.1,0.1,5,2.5,0.05842
466,くわい　塊茎　生　　　,126,6.3,0.1,29,2.4,0.00762
467,くわい　塊茎　ゆで　　　,128,6.2,0.1,30,2.8,0.00762
468,ケール　葉　生　　　,28,2.1,0.4,9.3,3.7,0.02286
469,コールラビ　球茎　生　　　,21,1.0,0,7,1.9,0.01778
470,コールラビ　球茎　ゆで　　　,21,1.0,0,7.5,2.3,0.01778
471,こごみ　若芽　生　　　,28,3.0,0.2,10.5,5.2,0.00254
472,ごぼう　根　生　　　,65,1.8,0.1,21.1,5.7,0.04572
473,ごぼう　根　ゆで　　　,58,1.5,0.2,19.8,6.1,0.02794
474,こまつな　葉　生　　　,14,1.5,0.2,4.3,1.9,0.0381
475,こまつな　葉　ゆで　　　,15,1.6,0.1,5.4,2.4,0.03556
476,ザーサイ 　漬物　　　,23,2.5,0.1,9.2,4.6,13.716
477,さんとうさい　葉　生　　　,14,1.0,0.2,4.9,2.2,0.02286
478,さんとうさい　葉　ゆで　　　,16,1.4,0.3,5.4,2.5,0.02286
479,さんとうさい　塩漬　　　,20,1.5,0.3,7,3.0,2.3114
480,しかくまめ　若ざや　生　　　,20,2.4,0.1,7,3.2,0.00254
481,ししとう　果実　生　　　,27,1.9,0.3,9.3,3.6,0.00254
482,ししとう　果実　油いため　　　,55,1.9,3.2,9.4,3.6,0
483,しそ　葉　生　　　,37,3.9,0.1,14.8,7.3,0.00254
484,しそ　実　生　　　,41,3.4,0.1,17.8,8.9,0.00254
485,じゅうろくささげ　若ざや　生　　　,24,2.5,0.1,9,4.2,0.00254
486,じゅうろくささげ　若ざや　ゆで　　　,30,2.8,0.1,10.7,4.5,0.00254
487,しゅんぎく　葉　生　　　,22,2.3,0.3,7.1,3.2,0.18542
488,しゅんぎく　葉　ゆで　　　,27,2.7,0.5,8.2,3.7,0.10668
489,じゅんさい　若葉　水煮びん詰　　　,5,0.4,0,2,1.0,0.00508
490,葉しょうが　根茎　生　　,11,0.5,0.2,3.7,1.6,0.0127
491,しょうが　根茎　生　　,30,0.9,0.3,8.7,2.1,0.01524
492,しょうが　漬物　酢漬　,19,0.2,0.4,6.4,2.4,7.112
493,しょうが　漬物　甘酢漬　,51,0.2,0.3,14.5,2.0,3.048
494,しろうり　果実　生　　　,15,0.9,0.1,4.5,1.2,0.00254
495,しろうり　漬物　塩漬　　,16,1.0,0.1,5.9,2.2,2.0066
496,しろうり　漬物　奈良漬　　,157,4.5,0.1,43.2,2.4,4.318
497,ずいき　生ずいき　生　　　,16,0.5,0,5.7,1.6,0.00254
498,ずいき　生ずいき　ゆで　　　,12,0.4,0,5.2,2.1,0.00254
499,ずいき　干しずいき　乾　　　,246,6.6,0.4,89.3,25.8,0.01524
500,ずいき　干しずいき　ゆで　　　,13,0.5,0,6.5,3.1,0.00508
501,すぐきな　葉　生　　　,26,1.9,0.2,9.4,4.0,0.08128
502,すぐきな　根　生　　　,21,0.6,0.1,6.4,1.7,0.06604
503,すぐきな　すぐき漬　　　,34,2.6,0.7,11.3,5.2,2.2098
504,ズッキーニ　果実　生　　　,14,1.3,0.1,4.1,1.3,0.00254
505,せり　茎葉　生　　　,17,2.0,0.1,5.8,2.5,0.04826
506,せり　茎葉　ゆで　　　,18,2.1,0.1,6.2,2.8,0.02032
507,セロリ　葉柄　生　　　,15,0.4,0.1,5.1,1.5,0.07112
508,ぜんまい　生若芽　生　　,29,1.7,0.1,10.4,3.8,0.00508
509,ぜんまい　生若芽　ゆで　　,21,1.1,0.4,7.6,3.5,0.00508
510,ぜんまい　干し干し若芽　乾　　,293,14.6,0.6,105.6,34.8,0.0635
511,ぜんまい　干し干し若芽　ゆで　　,29,1.7,0.1,12,5.2,0.00508
512,そらまめ　未熟豆　生　　　,108,10.9,0.2,18.1,2.6,0.00254
513,そらまめ　未熟豆　ゆで　　　,112,10.5,0.2,20.9,4.0,0.01016
514,タアサイ　葉　生　　　,13,1.3,0.2,4.1,1.9,0.07366
515,タアサイ　葉　ゆで　　　,13,1.1,0.2,4.4,2.1,0.05842
516,かいわれだいこん　芽ばえ　生　　,21,2.1,0.5,5.2,1.9,0.0127
517,葉だいこん　葉　生　　,18,2.0,0.2,5.9,2.6,0.10414
518,だいこん　葉　生　　,25,2.2,0.1,9.3,4.0,0.12192
519,だいこん　葉　ゆで　　,25,2.2,0.1,9,3.6,0.07112
520,だいこん　根　皮つき　生　　,18,0.5,0.1,5.5,1.4,0.04826
521,だいこん　根　皮つき　ゆで　　,18,0.4,0,6.1,1.6,0.03556
522,だいこん　根　皮むき　生　　,18,0.4,0.1,5.4,1.3,0.04318
523,だいこん　根　皮むき　ゆで　　,18,0.5,0.1,5.7,1.7,0.03048
524,切干しだいこん　乾　,301,9.7,0.8,91,21.3,0.5334
525,切干しだいこん　ゆで　　,19,0.9,0.1,7.8,3.7,0.01016
526,切干しだいこん　油いため　　,88,1.5,6.0,13.2,5.6,0.02032
527,漬物　ぬかみそ漬　　,30,1.3,0.1,8.5,1.8,3.81
528,漬物　たくあん漬　塩押しだいこん漬　,64,1.2,0.3,18.7,3.5,4.318
529,漬物　たくあん漬　干しだいこん漬　,27,1.9,0.1,9.2,3.7,2.4638
530,漬物　守口漬　　,187,5.3,0.2,47.6,3.3,3.556
531,漬物　べったら漬　　,57,0.9,0.1,15.8,1.8,3.048
532,漬物　みそ漬　　,78,4.5,0.3,19.6,3.3,11.176
533,漬物　福神漬　　,136,2.7,0.1,37.2,3.9,5.08
534,つまみな　葉　生　　,20,1.9,0.3,5.9,2.3,0.05588
535,たいさい　葉　生　　,16,0.9,0.1,5.1,1.6,0.09652
536,たいさい　塩漬　　,20,1.6,0.1,6.8,2.5,1.778
537,たかな　葉　生　　　,21,1.8,0.2,6.7,2.5,0.10922
538,たかな　たかな漬　　　,33,2.8,0.2,12.2,5.2,5.842
539,たけのこ　若茎　生　　　,26,3.6,0.2,7.1,2.8,0
540,たけのこ　若茎　ゆで　　　,30,3.5,0.2,8.8,3.3,0.00254
541,たけのこ　水煮缶詰　　　,23,2.7,0.2,6.3,2.3,0.00762
542,たけのこ　めんま　塩蔵　塩抜き　　　,19,1.0,0.5,7.1,3.5,0.9144
543,たまねぎ　りん茎　生　　,37,1.0,0.1,10.4,1.6,0.00508
544,たまねぎ　りん茎　水さらし　　,26,0.6,0.1,7.6,1.5,0.01016
545,たまねぎ　りん茎　ゆで　　,31,0.8,0.1,9,1.7,0.00762
546,たまねぎ　りん茎　油いため　　,105,1.4,5.9,14.7,2.7,0.00762
547,赤たまねぎ　りん茎　生　　,38,0.9,0.1,10.7,1.7,0.00508
548,葉たまねぎ　りん茎及び葉　生　　,37,1.8,0.4,10.6,3.0,0.00762
549,たらのめ　若芽　生　　　,27,4.2,0.2,8.5,4.2,0.00254
550,たらのめ　若芽　ゆで　　　,26,4.0,0.2,7.7,3.6,0.00254
551,チコリ　若芽　生　　　,16,1.0,0,5,1.1,0.00762
552,チンゲンサイ　葉　生　　　,9,0.6,0.1,3.2,1.2,0.08128
553,チンゲンサイ　葉　ゆで　　　,12,0.9,0.1,3.9,1.5,0.07112
554,チンゲンサイ　葉　油いため　　　,39,0.8,3.2,3.6,1.4,0.07874
555,つくし　胞子茎　生　　　,38,3.5,0.1,16.2,8.1,0.01524
556,つくし　胞子茎　ゆで　　　,33,3.4,0.1,13.4,6.7,0.01016
557,つるな　茎葉　生　　　,15,1.8,0.1,5.1,2.3,0.0127
558,つるむらさき　茎葉　生　　　,13,0.7,0.2,4.8,2.2,0.02286
559,つるむらさき　茎葉　ゆで　　　,15,0.9,0.2,6.3,3.1,0.01778
560,つわぶき　葉柄　生　　　,21,0.4,0,8.1,2.5,0.254
561,つわぶき　葉柄　ゆで　　　,16,0.3,0,6.7,2.3,0.10668
562,とうがらし　葉･果実　生　　　,35,3.4,0.1,12.9,5.7,0.00762
563,とうがらし　葉･果実　油いため　　　,85,4.0,4.9,14.8,6.3,0.00508
564,とうがらし　果実　生　　　,96,3.9,3.4,26.6,10.3,0.01524
565,とうがらし　果実　乾　　　,345,14.7,12.0,104.8,46.4,0.04318
566,とうがん　果実　生　　　,16,0.5,0.1,5.1,1.3,0.00254
567,とうがん　果実　ゆで　　　,16,0.6,0.1,5.2,1.5,0.00254
568,スイートコーン　未熟種子　生　　,92,3.6,1.7,19.8,3.0,0
569,スイートコーン　未熟種子　ゆで　　,99,3.5,1.7,21.7,3.1,0
570,スイートコーン　未熟種子　電子レンジ調理　　,107,4.2,2.2,22.5,3.4,0
571,スイートコーン　未熟種子　穂軸つき　冷凍　　,97,3.5,1.5,21.5,2.8,0.00254
572,スイートコーン　未熟種子　カーネル　冷凍　　,99,2.9,1.5,22.2,2.8,0.00254
573,スイートコーン　缶詰　クリームスタイル　,84,1.7,0.5,20.4,1.8,0.6604
574,スイートコーン　缶詰　ホールカーネルスタイル　,82,2.3,0.5,21.1,3.3,0.5334
575,ヤングコーン　幼雌穂　生　　,29,2.3,0.2,8.7,2.7,0
576,トマト　果実　生　　,19,0.7,0.1,5.7,1.0,0.00762
577,ミニトマト　果実　生　　,29,1.1,0.1,8.6,1.4,0.01016
578,缶詰　ホール　食塩無添加　,20,0.9,0.2,5.7,1.3,0.01016
579,缶詰　トマトジュース　食塩添加　,17,0.7,0.1,4.7,0.7,0.3048
580,缶詰　トマトジュース　食塩無添加　,17,0.7,0.1,4.7,0.7,0.02032
581,缶詰　ミックスジュース　食塩添加　,17,0.6,0,5,0.7,0.20828
582,缶詰　ミックスジュース　食塩無添加　,17,0.6,0,5,0.7,0.03048
583,トレビス　葉　生　　　,18,1.1,0.2,5.9,2.0,0.02794
584,とんぶり　ゆで　　　,90,6.1,3.5,20,7.1,0.0127
585,ながさきはくさい　葉　生　　　,13,1.3,0.1,4.8,2.2,0.05334
586,ながさきはくさい　葉　ゆで　　　,18,2.2,0.1,5.8,2.4,0.03048
587,なす　果実　生　　,22,1.1,0.1,7.3,2.2,0
588,なす　果実　ゆで　　,19,1.0,0.1,6.6,2.1,0.00254
589,なす　果実　油いため　　,79,1.5,5.8,8.9,2.6,0
590,なす　果実　天ぷら　　,180,1.6,14.0,13.9,1.9,0.05334
591,べいなす　果実　生　　,22,1.1,0.1,7.7,2.4,0.00254
592,べいなす　果実　素揚げ　　,183,1.0,17.0,8.5,1.8,0.00254
593,漬物　塩漬　　,23,1.4,0.1,7.9,2.7,2.2352
594,漬物　ぬかみそ漬　　,27,1.7,0.1,8.8,2.7,2.5146
595,漬物　こうじ漬　　,79,5.5,0.1,22.4,4.2,6.604
596,漬物　からし漬　　,118,2.6,0.2,34.9,4.2,4.826
597,漬物　しば漬　　,30,1.4,0.2,11.4,4.4,4.064
598,なずな　葉　生　　　,36,4.3,0.1,12.4,5.4,0.00762
599,和種なばな　花らい・茎　生　　,33,4.4,0.2,10,4.2,0.04064
600,和種なばな　花らい・茎　ゆで　　,28,4.7,0.1,8.6,4.3,0.01778
601,洋種なばな　茎葉　生　　,35,4.1,0.4,9.7,3.7,0.03048
602,洋種なばな　茎葉　ゆで　　,31,3.6,0.4,9.4,4.1,0.0254
603,にがうり　果実　生　　　,17,1.0,0.1,6.5,2.6,0.00254
604,にがうり　果実　油いため　　　,50,1.2,3.3,7.4,2.8,0.00254
605,にら　葉　生　　,21,1.7,0.3,6.7,2.7,0.00254
606,にら　葉　ゆで　　,31,2.6,0.5,10,4.3,0.00254
607,にら　葉　油いため　　,74,1.9,5.7,8.4,3.5,0
608,花にら　花茎・花らい　生　　,27,1.9,0.2,8.7,2.8,0.00254
609,黄にら　葉　生　　,18,2.1,0.1,5.3,2.0,0
610,葉にんじん　葉　生　　,18,1.1,0.2,6.4,2.7,0.07874
611,にんじん　根　皮つき　生　　,39,0.7,0.2,12.1,2.8,0.07112
612,にんじん　根　皮つき　ゆで　　,36,0.6,0.2,11.4,3.0,0.05842
613,にんじん　根　皮むき　生　　,36,0.8,0.1,11.1,2.4,0.08636
614,にんじん　根　皮むき　ゆで　　,36,0.7,0.1,11.3,2.8,0.06858
615,にんじん　根　皮むき　油いため　　,109,1.1,6.4,15.5,3.1,0.12192
616,にんじん　根　皮むき　素揚げ　,89,1.0,3.5,15,1.1,0.09906
617,にんじん　根　皮　生　,31,0.7,0.2,11.1,3.8,0.04064
618,にんじん　根　冷凍　　,35,0.8,0.2,11.1,2.9,0.16256
619,にんじん　グラッセ　,66,0.7,1.4,15.3,2.6,0.9906
620,にんじん　ジュース　缶詰　　,28,0.6,0.1,6.9,0.2,0.04826
621,きんとき　根　皮つき　生　　,44,1.8,0.2,13.5,3.9,0.02794
622,きんとき　根　皮つき　ゆで　　,42,1.9,0.2,13.5,4.3,0.0254
623,きんとき　根　皮むき　生　　,45,1.8,0.3,13.3,3.6,0.03048
624,きんとき　根　皮むき　ゆで　　,45,1.9,0.4,13.7,4.1,0.02286
625,ミニキャロット　根　生　　,32,0.7,0.2,10.2,2.7,0.0381
626,にんにく　りん茎　生　　,136,6.4,0.9,33.7,6.2,0.02032
627,にんにく　りん茎　油いため　　,199,8.2,5.9,37.4,6.8,0.04064
628,茎にんにく　花茎　生　　,45,1.9,0.3,14.4,3.8,0.02286
629,茎にんにく　花茎　ゆで　　,44,1.7,0.2,14.5,3.8,0.01524
630,根深ねぎ　葉　軟白　生　　,34,1.4,0.1,10.8,2.5,0
631,根深ねぎ　葉　軟白　ゆで　　,28,1.3,0.1,9.3,2.5,0
632,根深ねぎ　葉　軟白　油いため　　,78,1.6,4.4,12.2,2.7,0
633,葉ねぎ　葉　生　　,30,1.9,0.3,9.7,3.2,0.00254
634,葉ねぎ　葉　油いため　　,81,2.1,5.2,11.8,3.9,0.00508
635,こねぎ　葉　生　　,27,2.0,0.3,7.9,2.5,0.00254
636,のざわな　葉　生　　　,16,0.9,0.1,5.5,2.0,0.06096
637,のざわな　漬物　塩漬　　,18,1.2,0.1,6.6,2.5,1.5494
638,のざわな　漬物　調味漬　　,23,1.7,0,8.5,3.1,2.4384
639,のびる　りん茎葉　生　　　,65,3.2,0.2,22.4,6.9,0.00508
640,はくさい　結球葉　生　　　,14,0.8,0.1,4.5,1.3,0.01524
641,はくさい　結球葉　ゆで　　　,13,0.9,0.1,4.3,1.4,0.0127
642,はくさい　漬物　塩漬　　,16,1.4,0.1,5.2,1.8,2.286
643,はくさい　漬物　キムチ　　,46,2.8,0.3,10.6,2.7,2.2098
644,パクチョイ　葉　生　　　,15,1.6,0.2,4.5,1.8,0.03048
645,バジル　葉　生　　　,24,2.0,0.6,8,4.0,0.00254
646,パセリ　葉　生　　　,43,4.0,0.7,14.6,6.8,0.02286
647,はつかだいこん　根　生　　　,15,0.8,0.1,4.3,1.2,0.02032
648,はやとうり　果実　白色種　生　　,20,0.6,0.1,6.1,1.2,0
649,はやとうり　果実　緑色種　生　　,20,0.6,0.1,6.1,1.2,0
650,はやとうり　果実　白色種　塩漬　,17,0.6,0,6,1.6,3.556
651,ビーツ　根　生　　　,41,1.6,0.1,12,2.7,0.0762
652,ビーツ　根　ゆで　　　,44,1.5,0.1,13.1,2.9,0.09652
653,青ピーマン　果実　生　　,22,0.9,0.2,7.4,2.3,0.00254
654,青ピーマン　果実　油いため　　,61,0.9,4.3,7.8,2.4,0.00254
655,赤ピーマン　果実　生　　,30,1.0,0.2,8.8,1.6,0
656,赤ピーマン　果実　油いため　　,69,1.0,4.3,9.2,1.6,0
657,黄ピーマン　果実　生　　,27,0.8,0.2,7.9,1.3,0
658,黄ピーマン　果実　油いため　　,66,0.8,4.3,8.2,1.3,0
659,トマピー　果実　生　　,31,1.0,0.2,9.1,1.6,0
660,ひのな　根・茎葉　生　　　,19,1.0,0,7.7,3.0,0.0254
661,ひのな　根・茎葉　甘酢漬　　　,69,1.4,0.5,22,4.7,2.794
662,ひろしまな　葉　生　　　,20,1.5,0.2,6.6,2.4,0.07112
663,ひろしまな　塩漬　　　,16,1.2,0.2,5.7,2.4,2.1336
664,ふき　葉柄　生　　,11,0.3,0,4.3,1.3,0.0889
665,ふき　葉柄　ゆで　　,8,0.3,0,3,1.1,0.05588
666,ふきのとう　花序　生　　,43,2.5,0.1,16.4,6.4,0.01016
667,ふきのとう　花序　ゆで　　,32,2.5,0.1,11.2,4.2,0.00762
668,ふじまめ　若ざや　生　　　,33,2.5,0.1,11.8,4.4,0
669,ふだんそう　葉　生　　　,19,2.0,0.1,7,3.3,0.18034
670,ふだんそう　葉　ゆで　　　,27,2.8,0.1,9.2,3.8,0.15494
671,ブロッコリー　花序　生　　　,33,4.3,0.5,9.6,4.4,0.0508
672,ブロッコリー　花序　ゆで　　　,27,3.5,0.4,8,3.7,0.03556
673,ブロッコリー　芽ばえ　生　　　,19,1.9,0.6,4.4,1.8,0.01016
674,へちま　果実　生　　　,16,0.8,0.1,4.8,1.0,0.00254
675,へちま　果実　ゆで　　　,18,1.6,0.1,5.2,1.5,0.00254
676,ほうれんそう　葉　通年平均　生　　,20,2.2,0.4,5.9,2.8,0.04064
677,ほうれんそう　葉　夏採り　生　　,20,2.2,0.4,5.9,2.8,0.04064
678,ほうれんそう　葉　冬採り　生　　,20,2.2,0.4,5.9,2.8,0.04064
679,ほうれんそう　葉　通年平均　ゆで　　,25,2.6,0.5,7.6,3.6,0.0254
680,ほうれんそう　葉　夏採り　ゆで　　,25,2.6,0.5,7.6,3.6,0.0254
681,ほうれんそう　葉　冬採り　ゆで　　,25,2.6,0.5,7.6,3.6,0.0254
682,ほうれんそう　葉　通年平均　油いため　　,99,3.8,8.1,9,4.6,0.03302
683,ほうれんそう　葉　冷凍　　　,21,3.3,0.2,6.2,3.1,0.3048
684,ホースラディシュ　根茎　生　　　,79,3.1,0.3,25.9,8.2,0.00254
685,まこも　茎　生　　　,21,1.3,0.2,6.7,2.3,0.00762
686,みずかけな　葉　生　　　,25,2.9,0.1,7.5,2.8,0.01778
687,みずかけな　塩漬　　　,32,4.9,0,9.7,4.0,2.54
688,みずな　葉　生　　　,23,2.2,0.1,7.8,3.0,0.09144
689,みずな　葉　ゆで　　　,22,2.0,0.1,8.3,3.6,0.07112
690,みずな　塩漬　　　,27,2.0,0.1,9.4,3.5,2.286
691,切りみつば　葉　生　　,18,1.0,0.1,6.5,2.5,0.02032
692,切りみつば　葉　ゆで　　,15,0.9,0.1,6,2.7,0.01016
693,根みつば　葉　生　　,20,1.9,0.1,7,2.9,0.0127
694,根みつば　葉　ゆで　　,20,2.3,0.1,7.2,3.3,0.01016
695,糸みつば　葉　生　　,13,0.9,0.1,5.2,2.3,0.00762
696,糸みつば　葉　ゆで　　,17,1.1,0,7,3.0,0.00762
697,みぶな　葉　生　　　,15,1.1,0.3,4.7,1.8,0.08128
698,みょうが　花穂　生　　,12,0.9,0.1,4.7,2.1,0.00254
699,みょうがたけ　茎葉　生　　,7,0.4,0.1,2.6,1.1,0
700,むかご 　肉芽　生　　　,93,2.9,0.2,24.8,4.2,0.00762
701,めキャベツ　結球葉　生　　　,50,5.7,0.1,15.4,5.5,0.0127
702,めキャベツ　結球葉　ゆで　　　,49,5.3,0.1,15,5.2,0.0127
703,めたで　　芽ばえ　生　　　,43,3.0,0.5,15.1,6.3,0.02286
704,アルファルファもやし　生　　,12,1.6,0.1,3.4,1.4,0.01778
705,だいずもやし　生　　,37,3.7,1.5,4.6,2.3,0.00762
706,だいずもやし　ゆで　　,34,2.9,1.6,4.4,2.2,0.00254
707,ブラックマッペもやし　生　　,15,2.0,0,4.1,1.4,0.01524
708,ブラックマッペもやし　ゆで　　,13,1.3,0,4.3,1.6,0.00508
709,りょくとうもやし　生　　,14,1.7,0.1,3.9,1.3,0.00508
710,りょくとうもやし　ゆで　　,12,1.6,0,3.8,1.5,0.00508
711,モロヘイヤ　茎葉　生　　　,38,4.8,0.5,12.2,5.9,0.00254
712,モロヘイヤ　茎葉　ゆで　　　,25,3.0,0.4,7.5,3.5,0
713,やまごぼう　みそ漬　　　,72,4.1,0.1,22.6,7.0,7.112
714,ゆりね　りん茎　生　　　,125,3.8,0.1,33.7,5.4,0.00254
715,ゆりね　りん茎　ゆで　　　,126,3.4,0.1,34.7,6.0,0.00254
716,ようさい　茎葉　生　　　,17,2.2,0.1,6.2,3.1,0.06604
717,ようさい　茎葉　ゆで　　　,21,2.2,0.1,7.5,3.4,0.04064
718,よめな　葉　生　　　,46,3.4,0.2,17.8,7.8,0.00508
719,よもぎ　葉　生　　　,46,5.2,0.3,16.5,7.8,0.0254
720,よもぎ　葉　ゆで　　　,42,4.8,0.1,16,7.8,0.00762
721,らっかせい　未熟豆　生　　　,295,12.0,24.2,16.4,4.0,0.00254
722,らっかせい　未熟豆　ゆで　　　,288,11.9,23.5,16.5,4.2,0.00508
723,らっきょう　りん茎　生　　,118,1.4,0.2,50,20.7,0.00508
724,らっきょう　甘酢漬　　,115,0.7,0.2,32.3,3.3,2.1844
725,エシャレット　りん茎　生　　,76,2.3,0.2,29.2,11.4,0.00508
726,リーキ　りん茎葉　生　　　,29,1.6,0.1,9.4,2.5,0.00508
727,リーキ　りん茎葉　ゆで　　　,28,1.3,0.1,9.4,2.6,0.00508
728,ルッコラ　　葉　生　　　,19,1.9,0.4,5.7,2.6,0.03556
729,ルバーブ　葉柄　生　　　,24,0.7,0.1,8.5,2.5,0.00254
730,ルバーブ　葉柄　ゆで　　　,18,0.5,0.1,7.5,2.9,0.00254
731,レタス　土耕栽培　結球葉　生　　,12,0.6,0.1,3.9,1.1,0.00508
732,レタス　水耕栽培　結球葉　生　　,14,0.8,0.2,4,1.1,0.00508
733,サラダな　葉　生　　,14,1.0,0.2,4.5,1.8,0.01524
734,リーフレタス　葉　生　　,16,1.4,0.1,5.2,1.9,0.01524
735,サニーレタス　葉　生　　,16,1.2,0.2,5.2,2.0,0.01016
736,サンチュ　葉　生　　,15,1.2,0.4,4.5,2.0,0.00762
737,コスレタス　葉　生　　,17,1.2,0.2,5.3,1.9,0.04064
738,れんこん　根茎　生　　　,66,1.9,0.1,17.5,2.0,0.06096
739,れんこん　根茎　ゆで　　　,66,1.3,0.1,18.4,2.3,0.0381
740,わけぎ　葉　生　　　,30,1.6,0,10.2,2.8,0.00254
741,わけぎ　葉　ゆで　　　,29,1.9,0,10,3.1,0.00254
742,わさび　根茎　生　　　,88,5.6,0.2,22.8,4.4,0.06096
743,わさび　わさび漬　　　,145,7.1,0.5,30.7,2.7,2.54
744,わらび　生わらび　生　　　,21,2.4,0.1,7.6,3.6,0
745,わらび　生わらび　ゆで　　　,15,1.5,0.1,6,3.0,0
746,わらび　干しわらび　乾　　　,274,20.0,0.7,119.4,58.0,0.01524
747,あけび　果肉　生　　　,82,0.5,0.1,23.1,1.1,0
748,あけび　果皮　生　　　,34,0.3,0.3,11.7,3.1,0.00508
749,アセロラ　酸味種　生　　　,36,0.7,0.1,10.9,1.9,0.01778
750,アセロラ　甘味種　生　　　,36,0.7,0.1,10.9,1.9,0.01778
751,アセロラ　10 %果汁入り飲料　　,42,0.1,0,10.7,0.2,0.00254
752,アテモヤ　生　　　,79,1.8,0.4,22.7,3.3,0.01016
753,アボカド　生　　　,187,2.5,18.7,11.5,5.3,0.01778
754,あんず　生　　　,36,1.0,0.3,10.1,1.6,0.00508
755,あんず　乾　　　,288,9.2,0.4,80.2,9.8,0.0381
756,あんず　缶詰　　　,81,0.5,0.4,19.7,0.8,0.01016
757,あんず　ジャム　高糖度　　,262,0.3,0.1,65.6,0.7,0.0254
758,あんず　ジャム　低糖度　　,205,0.4,0.1,51.7,1.2,0.04572
759,いちご　生　　　,34,0.9,0.1,9.9,1.4,0
760,いちご　ジャム　高糖度　　,256,0.4,0.1,64.6,1.3,0.01524
761,いちご　ジャム　低糖度　　,197,0.5,0.1,49.5,1.1,0.03048
762,いちご　乾　　　,302,0.5,0.2,85.8,3.0,0.6604
763,いちじく　生　　　,54,0.6,0.1,16.2,1.9,0.00508
764,いちじく　乾　　　,291,3.0,1.1,86,10.7,0.23622
765,いちじく　缶詰　　　,81,0.5,0.1,20.6,1.2,0.02032
766,うめ　生　　　,28,0.7,0.5,10.4,2.5,0.00508
767,うめ　梅漬　塩漬　　,24,0.7,0.4,9.4,2.7,19.304
768,うめ　梅漬　調味漬　　,53,1.5,0.5,13.9,3.4,6.858
769,うめ　梅干し　塩漬　　,33,0.9,0.2,14.1,3.6,22.098
770,うめ　梅干し　調味漬　　,96,1.5,0.6,23.6,2.5,7.62
771,うめ　梅びしお　　　,200,0.7,0.5,49.4,1.3,7.874
772,うめ　20 %果汁入り飲料　　　,49,0,0,12.4,0.1,0.0889
773,オリーブ　塩漬　グリーンオリーブ　　,145,1.0,15.0,7.8,3.3,3.556
774,オリーブ　塩漬　ブラックオリーブ　　,118,0.8,12.3,5.9,2.5,1.6256
775,オリーブ　塩漬　スタッフドオリーブ　　,137,0.8,14.3,7.9,3.7,5.08
776,かき　甘がき　生　　　,60,0.4,0.2,17.5,1.6,0.00254
777,かき　渋抜きがき　生　　　,63,0.5,0.1,19.7,2.8,0.00254
778,かき　干しがき　　　,276,1.5,1.7,85.3,14.0,0.01016
779,かりん　生　　　,68,0.4,0.1,27.2,8.9,0.00508
780,いよかん　砂じょう　生　　,46,0.9,0.1,12.9,1.1,0.00508
781,うんしゅうみかん　じょうのう　早生　生　,45,0.5,0.1,12.6,0.7,0.00254
782,うんしゅうみかん　じょうのう　普通　生　,46,0.7,0.1,13,1.0,0.00254
783,うんしゅうみかん　砂じょう　早生　生　,43,0.5,0.1,11.7,0.4,0.00254
784,うんしゅうみかん　砂じょう　普通　生　,45,0.7,0.1,11.9,0.4,0.00254
785,うんしゅうみかん　果実飲料　ストレートジュース　,41,0.5,0.1,10.6,0,0.00254
786,うんしゅうみかん　果実飲料　濃縮還元ジュース　,38,0.5,0.1,9.9,0,0.00254
787,うんしゅうみかん　果実飲料　果粒入りジュース　,47,0.2,0,0,0,0.01016
788,うんしゅうみかん　果実飲料　50 %果汁入り飲料　,60,0.2,0,14.8,0.1,0.00254
789,うんしゅうみかん　果実飲料　20 %果汁入り飲料　,50,0.1,0,12.4,0,0.00254
790,うんしゅうみかん　缶詰　果肉　,64,0.5,0.1,15.8,0.5,0.01016
791,うんしゅうみかん　缶詰　液汁　,63,0.3,0.1,15.3,0,0.01016
792,オレンジ　ネーブル　砂じょう　生　,46,0.9,0.1,12.8,1.0,0.00254
793,オレンジ　バレンシア　米国産　砂じょう　生　,39,1.0,0.1,10.6,0.8,0.00254
794,オレンジ　バレンシア　果実飲料　ストレートジュース　,42,0.8,0,11.3,0.3,0.00254
795,オレンジ　バレンシア　果実飲料　濃縮還元ジュース　,42,0.7,0.1,10.9,0.2,0.00254
796,オレンジ　バレンシア　果実飲料　50 %果汁入り飲料　,47,0.4,0.2,10.9,0.1,0.00508
797,オレンジ　バレンシア　果実飲料　30 %果汁入り飲料　,41,0.2,0,0,0,0.01524
798,オレンジ　バレンシア　マーマレード　高糖度　,255,0.2,0.1,63.9,0.7,0.02794
799,オレンジ　バレンシア　マーマレード　低糖度　,193,0.3,0.1,49,1.3,0.02286
800,オレンジ　福原オレンジ　砂じょう　生　,39,1.0,0.1,10.6,0.8,0.00254
801,オロブランコ　砂じょう　生　　,40,0.8,0.1,11,0.9,0.00254
802,かぼす　果汁　生　　,25,0.4,0.1,8.6,0.1,0.00254
803,かわちばんかん　砂じょう　生　　,35,0.7,0.2,9.4,0.6,0.00254
804,きよみ　砂じょう　生　　,41,0.8,0.2,10.9,0.6,0.00254
805,きんかん　全果　生　　,71,0.5,0.7,22.1,4.6,0.00508
806,グレープフルーツ　白肉種　砂じょう　生　,38,0.9,0.1,10.2,0.6,0.00254
807,グレープフルーツ　紅肉種　砂じょう　生　,38,0.9,0.1,10.2,0.6,0.00254
808,グレープフルーツ　果実飲料　ストレートジュース　,40,0.6,0.1,10.4,0.1,0.00254
809,グレープフルーツ　果実飲料　濃縮還元ジュース　,35,0.7,0.1,9,0.2,0.00254
810,グレープフルーツ　果実飲料　50 %果汁入り飲料　,46,0.3,0,11.2,0.1,0.01016
811,グレープフルーツ　果実飲料　20 %果汁入り飲料　,39,0.1,0,9.7,0,0.00508
812,グレープフルーツ　缶詰　,70,0.5,0,17.7,0.6,0.00508
813,さんぼうかん　砂じょう　生　　,44,0.7,0.3,11.8,0.9,0.00508
814,シークヮーサー　果汁　生　　,25,0.8,0.1,8.2,0.3,0.00508
815,シークヮーサー　10 %果汁入り飲料　　,48,0.1,0,11.8,0,0.00508
816,しらぬひ　砂じょう　生　　,51,0.8,0.2,13.5,0.6,0
817,すだち　果皮　生　　,68,1.8,0.3,26.5,10.1,0.00254
818,すだち　果汁　生　　,20,0.5,0.1,6.7,0.1,0.00254
819,せとか　砂じょう　生　　,47,0.8,0.2,12.4,0.7,0.00254
820,セミノール　砂じょう　生　　,49,1.1,0.1,13.2,0.8,0.00508
821,だいだい　果汁　生　　,24,0.3,0.2,8,0,0.00254
822,なつみかん　砂じょう　生　　,40,0.9,0.1,11.2,1.2,0.00254
823,なつみかん　缶詰　　,81,0.5,0.1,19.9,0.5,0.01016
824,はっさく　砂じょう　生　　,45,0.8,0.1,13,1.5,0.00254
825,はるみ　砂じょう　生　　,48,0.9,0.2,12.9,0.8,0
826,ひゅうがなつ　じょうのう及びアルベド　生　　,45,0.6,0.1,13.8,2.1,0.00254
827,ひゅうがなつ　砂じょう　生　　,33,0.6,0.1,9,0.7,0.00254
828,ぶんたん　砂じょう　生　　,38,0.7,0.1,10.7,0.9,0.00254
829,ぶんたん　ざぼん漬　　,344,0.2,0.1,88.2,2.7,0.03302
830,ぽんかん　砂じょう　生　　,40,0.9,0.1,10.9,1.0,0.00254
831,ゆず　果皮　生　　,59,1.2,0.5,21.1,6.9,0.0127
832,ゆず　果汁　生　　,21,0.5,0.1,7.4,0.4,0.00254
833,ライム　果汁　生　　,27,0.4,0.1,9.5,0.2,0.00254
834,レモン　全果　生　　,54,0.9,0.7,17.4,4.9,0.01016
835,レモン　果汁　生　　,26,0.4,0.2,0,0,0.00508
836,キウイフルーツ　緑肉種　生　　　,53,1.0,0.1,16,2.5,0.00508
837,キウイフルーツ　黄肉種　生　　　,59,1.1,0.2,16.3,1.4,0.00508
838,キワノ　生　　　,41,1.5,0.9,10.6,2.6,0.00508
839,グァバ　赤肉種　生　　　,38,0.6,0.1,15,5.1,0.00762
840,グァバ　白肉種　生　　　,38,0.6,0.1,15,5.1,0.00762
841,グァバ　果実飲料　20 %果汁入り飲料（ネクター）　　,51,0.1,0.1,13.1,0.8,0.01016
842,グァバ　果実飲料　10 %果汁入り飲料　　,51,0.1,0.1,12.5,0.2,0.01778
843,グーズベリー　生　　　,52,1.0,0.1,15.7,2.5,0.00254
844,ぐみ　生　　　,68,1.3,0.2,19.2,2.0,0.00508
845,ココナッツ　ココナッツウォーター　　　,20,0.2,0.1,5,0,0.02794
846,ココナッツ　ココナッツミルク　　　,150,1.9,16.0,3,0.2,0.03048
847,ココナッツ　ナタデココ　　　,73,0,0,20.7,0.5,0.00508
848,さくらんぼ　国産　生　　　,60,1.0,0.2,16.4,1.2,0.00254
849,さくらんぼ　米国産　生　 　,66,1.2,0.1,18.5,1.4,0.00254
850,さくらんぼ　米国産　缶詰　　,74,0.6,0.1,18.6,1.0,0.00762
851,ざくろ　生　　　,56,0.2,0,15.5,0,0.00254
852,すいか　赤肉種　生　　　,37,0.6,0.1,9.8,0.3,0.00254
853,すいか　黄肉種　生　　　,37,0.6,0.1,9.8,0.3,0.00254
854,スターフルーツ　生　　　,30,0.7,0.1,9.3,1.8,0.00254
855,にほんすもも　生　　,44,0.6,1.0,11,1.6,0.00254
856,プルーン　生　　,49,0.7,0.1,14.5,1.9,0.00254
857,プルーン　乾　　,235,2.5,0.2,69.6,7.2,0.00254
858,チェリモヤ　生　　　,78,1.3,0.3,22,2.2,0.02032
859,ドラゴンフルーツ　生　　　,50,1.4,0.3,13.7,1.9,0
860,ドリアン　生　　　,133,2.3,3.3,29.2,2.1,0
861,日本なし　生　　,43,0.3,0.1,12.2,0.9,0
862,日本なし　缶詰　　,78,0.1,0.1,19.8,0.7,0.01016
863,中国なし　生　　,47,0.2,0.1,14.1,1.4,0.00254
864,西洋なし　生　　,54,0.3,0.1,16.3,1.9,0
865,西洋なし　缶詰　　,85,0.2,0.1,21.7,1.0,0.00254
866,なつめ　乾　　　,287,3.9,2.0,83.9,12.5,0.00762
867,なつめやし　乾　　　,266,2.2,0.2,78.3,7.0,0
868,パインアップル　生　　　,51,0.6,0.1,14.9,1.5,0
869,パインアップル　果実飲料　ストレートジュース　　,41,0.3,0.1,11,0,0.00254
870,パインアップル　果実飲料　濃縮還元ジュース　　,41,0.1,0.1,11.1,0,0.00254
871,パインアップル　果実飲料　50 %果汁入り飲料　　,51,0.3,0.1,12.1,0,0.00254
872,パインアップル　果実飲料　10 %果汁入り飲料　　,50,0,0,12.4,0,0.00254
873,パインアップル　缶詰　　　,84,0.4,0.1,20.8,0.5,0.00254
874,パインアップル　砂糖漬　　　,351,0.5,0.2,88.1,1.3,0.14732
875,ハスカップ　生　　　,53,0.7,0.6,14.9,2.1,0
876,パッションフルーツ　果汁　生　　　,64,0.8,0.4,16.2,0,0.0127
877,バナナ　生　　　,86,1.1,0.2,23.6,1.1,0
878,バナナ　乾　　　,299,3.8,0.4,85.5,7.0,0.00254
879,パパイア　完熟　生　　　,38,0.5,0.2,11.7,2.2,0.01524
880,パパイア　未熟　生　　　,39,1.3,0.1,11.6,2.2,0.0127
881,びわ　生　　　,40,0.3,0.1,12.2,1.6,0.00254
882,びわ　缶詰　　　,81,0.3,0.1,20.4,0.6,0.00508
883,ぶどう　生　　　,59,0.4,0.1,16.2,0.5,0.00254
884,ぶどう　干しぶどう　　　,301,2.7,0.2,84.8,4.1,0.03048
885,ぶどう　果実飲料　ストレートジュース　　,55,0.3,0.2,14.6,0.1,0.00254
886,ぶどう　果実飲料　濃縮還元ジュース　　,47,0.3,0.3,12.2,0.1,0.00508
887,ぶどう　果実飲料　70 %果汁入り飲料　　,52,0.2,0,13,0.1,0.0381
888,ぶどう　果実飲料　10 %果汁入り飲料　　,52,0,0,0,0,0.01524
889,ぶどう　缶詰　　　,84,0.4,0.1,20.6,0.2,0.00762
890,ぶどう　ジャム　　　,193,0.5,0.1,49,1.5,0.04572
891,ブルーベリー　生　　　,49,0.5,0.1,16.2,3.3,0.00254
892,ブルーベリー　ジャム　　　,181,0.7,0.3,48.1,4.3,0.00254
893,ブルーベリー　乾　　　,286,2.7,1.9,90.1,17.6,0.01016
894,ホワイトサポテ　生　　　,74,1.5,0.1,22,3.1,0
895,まくわうり　黄肉種　生　　　,32,0.8,0.1,8.8,1.0,0.00254
896,まくわうり　白肉種　生　　　,32,0.8,0.1,8.8,1.0,0.00254
897,マルメロ　生　　　,56,0.3,0.1,20.2,5.1,0.00254
898,マンゴー　生　　　,64,0.6,0.1,18.2,1.3,0.00254
899,マンゴスチン　生　　　,67,0.6,0.2,18.9,1.4,0.00254
900,メロン　温室メロン　生　　　,42,1.1,0.1,10.8,0.5,0.01778
901,メロン　露地メロン　緑肉種　生　,42,1.0,0.1,10.9,0.5,0.01524
902,メロン　露地メロン　赤肉種　生　　,42,1.0,0.1,10.9,0.5,0.01524
903,もも　生　　,40,0.6,0.1,11.5,1.3,0.00254
904,もも　30 %果汁入り飲料（ネクター）　　,48,0.2,0.1,12,0.4,0.00762
905,もも　缶詰　白肉種　果肉　,85,0.5,0.1,22,1.4,0.01016
906,もも　缶詰　黄肉種　果肉　,85,0.5,0.1,22,1.4,0.01016
907,もも　缶詰　液汁　,81,0.3,0.1,20.1,0.3,0.01016
908,ネクタリン　生　　,43,0.7,0.3,12.4,1.7,0.00254
909,やまもも　生　　　,44,0.5,0.2,12.4,1.1,0.01016
910,ライチー　生　　　,63,1.0,0.1,17.3,0.9,0
911,ラズベリー　生　　　,41,1.1,0.1,14.9,4.7,0.00254
912,りゅうがん　乾　　　,283,5.1,0.4,75.7,2.8,0.00508
913,りんご　皮むき　生　　　,57,0.1,0.2,16.9,1.4,0
914,りんご　皮つき　生　　　,61,0.2,0.3,18.1,1.9,0
915,りんご　果実飲料　ストレートジュース　　,44,0.2,0.1,0,0,0.00762
916,りんご　果実飲料　濃縮還元ジュース　　,43,0.1,0.2,0,0,0.01524
917,りんご　果実飲料　50 %果汁入り飲料　　,46,0.1,0,11.5,0,0.00508
918,りんご　果実飲料　30 %果汁入り飲料　　,46,0,0,11.4,0,0.02032
919,りんご　缶詰　　　,83,0.3,0.1,20.5,0.4,0.00508
920,りんご　ジャム　　　,213,0.2,0.1,53.5,0.8,0.01778
921,えのきたけ　生　　　,22,2.7,0.2,11.5,3.9,0.00508
922,えのきたけ　ゆで　　　,22,2.8,0.1,12.3,4.5,0.00508
923,えのきたけ　油いため　　　,58,3.0,3.9,13.4,4.6,0.00762
924,えのきたけ　味付け瓶詰　　　,85,3.6,0.3,21,4.1,4.318
925,あらげきくらげ　乾　　,171,6.9,0.7,156.5,79.5,0.11684
926,あらげきくらげ　ゆで　　,35,1.2,0.1,32.4,16.3,0.0254
927,あらげきくらげ　油いため　　,107,2.3,5.2,56.4,28.6,0.02794
928,きくらげ　乾　　,167,7.9,2.1,128.5,57.4,0.14986
929,きくらげ　ゆで　　,13,0.6,0.2,10.4,5.2,0.02286
930,しろきくらげ　乾　　,162,4.9,0.7,143.2,68.7,0.07112
931,しろきくらげ　ゆで　　,14,0.4,0,13.1,6.4,0.00508
932,くろあわびたけ　生　　　,19,3.7,0.4,9,4.1,0.00762
933,しいたけ　生しいたけ　菌床栽培　生　　,19,3.0,0.3,9.9,4.2,0.00254
934,しいたけ　生しいたけ　菌床栽培　ゆで　　,17,2.5,0.4,9.5,4.4,0.00254
935,しいたけ　生しいたけ　菌床栽培　油いため　　,57,3.3,4.1,12,4.7,0.00254
936,しいたけ　生しいたけ　原木栽培　生　　,23,3.1,0.4,13.1,5.5,0.00254
937,しいたけ　生しいたけ　原木栽培　ゆで　　,19,2.4,0.4,10.7,4.8,0
938,しいたけ　生しいたけ　原木栽培　油いため　　,73,3.8,5.4,15.2,6.4,0.00254
939,しいたけ　乾しいたけ　乾　　,182,19.3,3.7,104.4,41.0,0.01524
940,しいたけ　乾しいたけ　ゆで　　,42,3.2,0.5,24.2,7.5,0.00508
941,はたけしめじ　生　　,15,2.6,0.3,7.2,2.7,0.01016
942,はたけしめじ　ゆで　　,17,2.6,0.3,9.7,4.6,0.00762
943,ぶなしめじ　生　　,18,2.7,0.6,8.7,3.7,0.00762
944,ぶなしめじ　ゆで　　,21,3.3,0.3,11.3,4.8,0.00762
945,ぶなしめじ　油いため　　,53,2.9,4.4,9.5,4.5,0.00762
946,ほんしめじ　生　　,12,2.5,0.4,4.7,1.9,0.00254
947,ほんしめじ　ゆで　　,16,2.8,0.6,7.4,3.3,0.00254
948,たもぎたけ　生　　　,16,3.6,0.3,7,3.3,0.00254
949,なめこ　生　　　,15,1.7,0.2,8.5,3.3,0.00762
950,なめこ　ゆで　　　,14,1.6,0.1,7.8,2.7,0.00762
951,なめこ　水煮缶詰　　　,9,1.0,0.1,5.7,2.5,0.02032
952,ぬめりすぎたけ　生　　　,15,2.3,0.4,6.6,2.5,0.00254
953,うすひらたけ　生　　,23,6.1,0.2,8.6,3.8,0.00254
954,エリンギ　生　　,19,2.8,0.4,9.4,3.4,0.00508
955,エリンギ　ゆで　　,21,3.2,0.5,11.3,4.8,0.00508
956,エリンギ　焼き　　,29,4.2,0.5,14.5,5.4,0.00762
957,エリンギ　油いため　　,55,3.2,3.7,12.3,4.2,0.00762
958,ひらたけ　生　　,20,3.3,0.3,8.8,2.6,0.00508
959,ひらたけ　ゆで　　,21,3.4,0.2,10.3,3.7,0.00508
960,まいたけ　生　　　,15,2.0,0.5,7.9,3.5,0
961,まいたけ　ゆで　　　,18,1.6,0.5,10.7,4.3,0
962,まいたけ　油いため　　　,56,2.6,4.4,11.5,4.7,0
963,まいたけ　乾　　　,181,21.9,3.9,100.8,40.9,0.00762
964,マッシュルーム　生　　　,11,2.9,0.3,4.1,2.0,0.01524
965,マッシュルーム　ゆで　　　,16,3.8,0.2,7,3.3,0.01524
966,マッシュルーム　油いため　　　,56,3.6,4.5,7.9,3.4,0.02032
967,マッシュルーム　水煮缶詰　　　,14,3.4,0.2,6.5,3.2,0.889
968,まつたけ　生　　　,23,2.0,0.6,12.9,4.7,0.00508
969,やなぎまつたけ　生　　　,13,2.4,0.1,7,3.0,0.00254
970,あおさ　素干し　　　,130,22.1,0.6,70.8,29.1,9.906
971,あおのり　素干し　　　,164,29.4,5.2,76.2,35.2,8.128
972,あまのり　ほしのり　　　,173,39.4,3.7,69.9,31.2,1.5494
973,あまのり　焼きのり　　　,188,41.4,3.7,80.3,36.0,1.3462
974,あまのり　味付けのり　　　,359,40.0,3.5,67,25.2,4.318
975,あらめ　蒸し干し　　　,140,12.4,0.7,104.2,48.0,5.842
976,いわのり　素干し　　　,151,34.8,0.7,75.5,36.4,5.334
977,うみぶどう　生　　　,4,0.5,0.1,2,0.8,0.8382
978,えごのり　素干し　　　,143,9.0,0.1,115.5,53.3,6.096
979,えごのり　おきうと　　　,6,0.3,0.1,5,2.5,0.0508
980,おごのり　塩蔵　塩抜き　　　,21,1.3,0.1,16.3,7.5,0.3302
981,かわのり　素干し　　　,167,38.1,1.6,83.4,41.7,0.2159
982,えながおにこんぶ　素干し　　,138,11.0,1.0,80.6,24.9,6.096
983,がごめこんぶ　素干し　　,142,7.9,0.5,96.3,34.2,7.62
984,ながこんぶ　素干し　　,140,8.3,1.5,95.3,36.8,7.62
985,ほそめこんぶ　素干し　　,147,6.9,1.7,95.8,32.9,6.096
986,まこんぶ　素干し　　,145,8.2,1.2,88.6,27.1,7.112
987,みついしこんぶ　素干し　　,153,7.7,1.9,99.5,34.8,7.62
988,りしりこんぶ　素干し　　,138,8.0,2.0,87.9,31.4,6.858
989,刻み昆布　　　,105,5.4,0.5,85.1,39.1,10.922
990,削り昆布　　　,117,6.5,0.9,78.4,28.2,5.334
991,塩昆布　　　,110,16.9,0.4,50.1,13.1,18.034
992,つくだ煮　　　,168,6.0,1.0,40.1,6.8,7.366
993,すいぜんじのり　素干し　水戻し　　　,7,1.5,0,4.2,2.1,0.0127
994,てんぐさ　素干し　　　,144,16.1,1.0,101.1,47.3,4.826
995,てんぐさ　ところてん　　　,2,0.2,0,1.2,0.6,0.00762
996,てんぐさ　角寒天　　　,154,2.4,0.2,148.2,74.1,0.3302
997,てんぐさ　寒天　　　,3,0,0,3,1.5,0.00508
998,てんぐさ　粉寒天　　　,165,0.2,0.3,160.7,79.0,0.4318
999,とさかのり　赤とさか　塩蔵　塩抜き　　,14,1.5,0.1,9.1,4.0,0.6858
1000,とさかのり　青とさか　塩蔵　塩抜き　　,13,0.9,0.2,9,4.1,0.8128
1001,ひじき　ほしひじき　ステンレス釜　乾　　,149,9.2,3.2,110.2,51.8,4.572
1002,ひじき　ほしひじき　ステンレス釜　ゆで　　,10,0.7,0.3,7.1,3.7,0.13208
1003,ひじき　ほしひじき　ステンレス釜　油いため　　,51,0.8,4.7,8.6,4.5,0.16256
1004,ひじき　ほしひじき　鉄釜　乾　　,145,9.2,3.2,107.8,51.8,4.572
1005,ひじき　ほしひじき　鉄釜　ゆで　　,10,0.7,0.3,7.1,3.7,0.13208
1006,ひじき　ほしひじき　鉄釜　油いため　　,51,0.8,4.7,8.6,4.5,0.16256
1007,ひとえぐさ　素干し　　　,130,16.6,1.0,90.5,44.2,11.43
1008,ひとえぐさ　つくだ煮　　　,154,14.4,1.3,25.2,4.1,5.842
1009,ふのり　素干し　　　,148,13.8,1.0,100.9,43.1,6.858
1010,まつも　素干し　　　,159,27.9,4.9,69.3,28.5,3.302
1011,むかでのり　塩蔵　塩抜き　　　,10,0.6,0.1,8.4,4.2,0.5588
1012,おきなわもずく　塩蔵　塩抜き　　,6,0.3,0.2,4,2.0,0.6096
1013,もずく　塩蔵　塩抜き　　,4,0.2,0.1,2.8,1.4,0.2286
1014,わかめ　原藻　生　　　,16,1.9,0.2,9.2,3.6,1.5494
1015,わかめ　乾燥わかめ　素干し　　,117,13.6,1.6,74,32.7,16.764
1016,わかめ　乾燥わかめ　素干し　水戻し　　,17,2.0,0.3,11.7,5.8,0.7366
1017,わかめ　乾燥わかめ　板わかめ　　,134,16.7,1.2,79.1,31.7,9.906
1018,わかめ　乾燥わかめ　灰干し　水戻し　　,7,1.1,0.1,4.4,2.2,0.12192
1019,わかめ　カットわかめ　　　,138,18.0,4.0,77.4,35.6,24.13
1020,わかめ　湯通し塩蔵わかめ　塩抜き　　,11,1.7,0.4,6.1,3.0,1.3716
1021,わかめ　くきわかめ　湯通し塩蔵　塩抜き　　,15,1.1,0.3,10.6,5.1,7.874
1022,わかめ　めかぶわかめ　生　　,11,0.9,0.6,6.8,3.4,0.4318
1023,あいなめ　生　　　,113,19.1,3.4,0.1,0,0.381
1024,あこうだい　生　　　,93,16.8,2.3,0.1,0,0.1905
1025,まあじ　皮つき、生　　,126,19.7,4.5,0.1,0,0.3302
1026,まあじ　皮なし、刺身　　,123,19.7,4.1,0.2,0,0.2794
1027,まあじ　皮つき、水煮　　,151,22.4,5.9,0.1,0,0.3302
1028,まあじ　皮つき、焼き　　,170,25.9,6.4,0.1,0,0.4572
1029,まあじ　皮つき、フライ　　,276,20.1,18.2,0,-,0.4064
1030,まあじ　開き干し　生　　,168,20.2,8.8,0.1,0,1.7018
1031,まあじ　開き干し　焼き　　,220,24.6,12.3,0.1,0,1.9558
1032,まあじ　小型　骨付き　生　　,123,17.8,5.0,0.1,0,0.3048
1033,まあじ　小型　骨付き　から揚げ　,278,24.0,18.6,0,-,0.3556
1034,まるあじ　生　　,147,22.1,5.6,0.2,0,0.14986
1035,まるあじ　焼き　　,194,28.7,7.7,0.2,0,0.23622
1036,にしまあじ　生　　,169,19.6,9.1,0.1,0,0.4064
1037,にしまあじ　水煮　　,175,21.7,8.8,0.1,0,0.4572
1038,にしまあじ　焼き　　,203,24.7,10.4,0.1,0,0.5588
1039,むろあじ　生　　,166,23.6,6.9,0.4,0,0.14224
1040,むろあじ　焼き　　,186,29.7,6.2,0.6,0,0.18796
1041,むろあじ　開き干し　　,155,22.9,6.2,0.1,0,2.1082
1042,むろあじ　くさや　　,240,49.9,3.0,0.3,0,4.064
1043,あなご　生　　　,161,17.3,9.3,0,0,0.381
1044,あなご　蒸し　　　,194,17.6,12.7,0,0,0.3048
1045,あまご　養殖　生　　　,112,18.3,3.6,0.1,0,0.12446
1046,あまだい　生　　　,113,18.8,3.6,0,0,0.18542
1047,あまだい　水煮　　　,125,20.7,4.0,0,0,0.23114
1048,あまだい　焼き　　　,119,22.5,2.6,0,0,0.2794
1049,あゆ　天然　生　　　,100,18.3,2.4,0.1,0,0.1778
1050,あゆ　天然　焼き　　　,177,26.6,6.8,0.1,0,0.2794
1051,あゆ　天然　内臓　生　　　,206,9.5,17.5,0.3,0,0.2286
1052,あゆ　天然　内臓　焼き　　　,194,23.0,10.1,0.4,0,0.4318
1053,あゆ　養殖　生　　　,152,17.8,7.9,0.6,0,0.1397
1054,あゆ　養殖　焼き　　　,241,22.6,15.1,0.8,0,0.20066
1055,あゆ　養殖　内臓　生　　　,550,7.4,55.0,0.3,0,0.1905
1056,あゆ　養殖　内臓　焼き　　　,558,15.2,52.3,0.4,0,0.254
1057,あゆ　うるか　　　,171,11.4,13.1,1.8,0,12.954
1058,アラスカめぬけ　生　　　,105,17.2,3.4,0.1,0,0.20574
1059,あんこう　生　　　,58,13.0,0.2,0.3,0,0.3302
1060,あんこう　きも　生　　　,445,10.0,41.9,2.2,0,0.2794
1061,いかなご　生　　　,125,17.2,5.5,0.1,0,0.4826
1062,いかなご　煮干し　　　,245,43.1,6.1,1.5,0,7.112
1063,いかなご　つくだ煮　　　,282,29.4,4.6,30.7,0,5.588
1064,いかなご　あめ煮　　　,279,25.6,3.7,35.8,0,4.318
1065,いさき　生　　　,127,17.2,5.7,0.1,0,0.4064
1066,いしだい　生　　　,156,19.5,7.8,0,0,0.13716
1067,いとよりだい　生　　　,93,18.1,1.7,0.1,0,0.2159
1068,いとよりだい　すり身　,91,16.7,0.4,5.1,0,0.7366
1069,いぼだい　生　　　,149,16.4,8.5,0,0,0.4826
1070,うるめいわし　生　　,136,21.3,4.8,0.3,0,0.2413
1071,うるめいわし　丸干し　　,239,45.0,5.1,0.3,0,5.842
1072,かたくちいわし　生　　,192,18.2,12.1,0.3,0,0.2159
1073,かたくちいわし　煮干し　　,332,64.5,6.2,0.3,0,4.318
1074,かたくちいわし　田作り　　,336,66.6,5.7,0.3,0,1.8034
1075,まいわし　生　　,169,19.2,9.2,0.2,0,0.20574
1076,まいわし　水煮　　,178,22.4,8.7,0.2,0,0.2032
1077,まいわし　焼き　　,196,25.3,9.4,0.2,0,0.254
1078,まいわし　フライ　　,396,20.0,30.3,0,-,0.381
1079,まいわし　塩いわし　　,163,16.8,9.6,0.4,0,6.096
1080,まいわし　生干し　　,242,20.6,16.0,1.1,0,1.7526
1081,まいわし　丸干し　　,193,32.8,5.5,0.7,0,3.81
1082,めざし　生　　,257,18.2,18.9,0.5,0,2.794
1083,めざし　焼き　　,244,23.7,15.0,0.7,0,3.556
1084,しらす　生　　　,76,15.0,1.3,0.1,0,0.9652
1085,しらす干し　微乾燥品　　,113,23.1,1.6,0.2,0,4.064
1086,しらす干し　半乾燥品　　,206,40.5,3.5,0.5,0,6.604
1087,たたみいわし　　　,372,75.1,5.6,0.7,0,2.159
1088,みりん干し　かたくちいわし　　,340,44.3,7.0,25,0,2.794
1089,みりん干し　まいわし　　,332,31.4,15.7,16.3,0,1.7018
1090,缶詰　水煮　　,188,20.7,10.6,0.1,0,0.8382
1091,缶詰　味付け　　,212,20.4,11.9,5.7,0,1.4224
1092,缶詰　トマト漬　　,172,17.5,10.8,1.3,0,0.7112
1093,缶詰　油漬　　,359,20.3,30.7,0.3,0,0.8128
1094,缶詰　かば焼　　,242,16.2,15.6,9.3,0,1.5494
1095,缶詰　アンチョビ　　,158,24.2,6.8,0.1,0,13.208
1096,いわな　養殖　生　　　,114,19.0,3.6,0.1,0,0.12446
1097,うぐい　生　　　,100,20.1,1.5,0.2,0,0.21082
1098,うなぎ　養殖　生　　　,255,17.1,19.3,0.3,0,0.18796
1099,うなぎ　きも　生　　　,118,13.0,5.3,3.5,0,0.3556
1100,うなぎ　白焼き　　　,331,20.7,25.8,0.1,0,0.254
1101,うなぎ　かば焼　　　,293,23.0,21.0,3.1,0,1.2954
1102,うまづらはぎ　生　　　,80,18.2,0.3,0,0,0.5334
1103,うまづらはぎ　味付け開き干し　　　,292,58.9,1.6,10.4,0,6.096
1104,えい　生　　　,84,19.1,0.3,0.1,0,0.6858
1105,えそ　生　　　,93,20.1,0.8,0.1,0,0.3048
1106,おいかわ　生　　　,136,19.2,5.8,0.1,0,0.12192
1107,おおさが　生　　　,144,16.3,8.0,0.1,0,0.18034
1108,おこぜ　生　　　,85,19.6,0.2,0.2,0,0.2159
1109,おひょう　生　　　,100,19.9,1.7,0.1,0,0.18288
1110,かさご　生　　　,85,19.3,0.3,0.1,0,0.3048
1111,かじか　生　　　,111,15.0,5.0,0.2,0,0.2794
1112,かじか　水煮　　　,122,15.8,5.8,0.2,0,0.2286
1113,かじか　つくだ煮　　　,302,29.4,5.5,33.8,0,4.318
1114,くろかじき　生　　,99,22.9,0.2,0.1,0,0.1778
1115,まかじき　生　　,115,23.1,1.8,0.1,0,0.1651
1116,めかじき　生　　,153,19.2,7.6,0.1,0,0.18034
1117,めかじき　焼き　　,220,27.5,11.1,0,0,0.2794
1118,かつお　春獲り　生　　,114,25.8,0.5,0.1,0,0.10922
1119,かつお　秋獲り　生　　,165,25.0,6.2,0.2,0,0.09652
1120,そうだがつお　生　　,136,25.7,2.8,0.3,0,0.20574
1121,なまり　　,134,29.8,0.7,0.4,0,0.2794
1122,なまり節　　,173,38.0,1.1,0.5,0,0.2413
1123,かつお節　　,356,77.1,2.9,0.8,0,0.3302
1124,削り節　　,351,75.7,3.2,0.4,0,1.2192
1125,削り節つくだ煮　　,237,19.5,3.3,32.3,0,7.874
1126,角煮　　,224,31.0,1.6,21.4,0,3.81
1127,塩辛　　,62,12.0,1.5,0,0,12.7
1128,缶詰　味付け　フレーク　　,141,18.4,2.7,10.7,0,1.651
1129,缶詰　油漬　フレーク　　,293,18.8,24.2,0.1,0,0.889
1130,かます　生　　　,148,18.9,7.2,0.1,0,0.3048
1131,かます　焼き　　　,145,23.3,4.9,0.1,0,0.381
1132,まがれい　生　　,95,19.6,1.3,0.1,0,0.2794
1133,まがれい　水煮　　,107,21.4,1.7,0.1,0,0.254
1134,まがれい　焼き　　,110,23.4,1.2,0.1,0,0.3302
1135,まこがれい　生　　,93,18.0,1.8,0.1,0,0.3048
1136,まこがれい　焼き　　,147,28.5,2.8,0.2,0,0.4572
1137,子持ちがれい　生　　,143,19.9,6.2,0.1,0,0.19558
1138,子持ちがれい　水煮　　,162,22.3,7.2,0.1,0,0.21082
1139,干しかれい　　　,117,20.2,3.4,0,0,1.0922
1140,かわはぎ　生　　　,80,18.8,0.1,0,0,0.2794
1141,かんぱち　生　　　,129,21.0,4.2,0.1,0,0.1651
1142,きす　生　　　,80,18.5,0.2,0,0,0.254
1143,きす　天ぷら　　　,241,18.4,15.2,8.5,0.7,0.2794
1144,きちじ　生　　　,262,13.6,21.7,0,0,0.1905
1145,きびなご　生　　　,93,18.8,1.4,0.1,0,0.381
1146,きびなご　調味干し　　　,274,47.9,7.4,0.5,0,6.604
1147,キャビア　塩蔵品　　　,263,26.2,17.1,1.1,0,4.064
1148,キングクリップ　生　　　,78,18.2,0.1,0,0,0.3556
1149,ぎんだら　生　　　,232,13.6,18.6,0,0,0.18796
1150,ぎんだら　水煮　　　,287,14.9,23.8,0,0,0.16002
1151,きんめだい　生　　　,160,17.8,9.0,0.1,0,0.14986
1152,ぐち　生　　　,83,18.0,0.8,0,0,0.2413
1153,ぐち　焼き　　　,106,23.4,0.8,0,0,0.3556
1154,こい　養殖　生　　　,171,17.7,10.2,0.2,0,0.12446
1155,こい　養殖　水煮　　　,208,19.2,13.4,0.2,0,0.11938
1156,こい　養殖　内臓　生　　　,287,9.0,25.9,1.3,0,0.2413
1157,（こち類）　まごち　生　　,100,22.5,0.5,0.2,0,0.2794
1158,（こち類）　めごち　生　　,75,17.5,0.1,0.1,0,0.4064
1159,このしろ　生　　　,160,19.0,8.3,0.4,0,0.4064
1160,このしろ　甘酢漬　　　,193,19.1,10.1,6.4,0,2.2606
1161,からふとます　生　　,154,21.7,6.6,0.1,0,0.16256
1162,からふとます　焼き　　,191,28.1,7.7,0.1,0,0.2159
1163,からふとます　塩ます　　,160,20.9,7.4,0.6,0,5.842
1164,からふとます　水煮缶詰　　,156,20.7,7.2,0.1,0,0.9144
1165,ぎんざけ　養殖　生　　,204,19.6,12.8,0.3,0,0.12192
1166,ぎんざけ　養殖　焼き　　,257,25.2,15.8,0.4,0,0.15494
1167,さくらます　生　　,161,20.9,7.7,0.1,0,0.13462
1168,さくらます　焼き　　,233,28.4,12.0,0.1,0,0.18034
1169,しろさけ　生　　,133,22.3,4.1,0.1,0,0.16764
1170,しろさけ　水煮　　,152,25.5,4.7,0.1,0,0.16002
1171,しろさけ　焼き　　,171,29.1,5.1,0.1,0,0.20828
1172,しろさけ　新巻き　生　　,154,22.8,6.1,0.1,0,3.048
1173,しろさけ　新巻き　焼き　　,198,29.3,7.9,0.1,0,2.1082
1174,しろさけ　塩ざけ　　,199,22.4,11.1,0.1,0,1.8288
1175,しろさけ　イクラ　　,272,32.6,15.6,0.2,0,2.3114
1176,しろさけ　すじこ　　,282,30.5,17.4,0.9,0,4.826
1177,しろさけ　めふん　　,77,16.9,0.9,0.4,0,14.732
1178,しろさけ　水煮缶詰　　,170,21.2,8.5,0.1,0,0.5842
1179,たいせいようさけ　養殖　生　　,237,20.1,16.1,0.1,0,0.09906
1180,たいせいようさけ　養殖　焼き　　,295,25.1,20.0,0.1,0,0.13716
1181,にじます　海面養殖　皮つき、生　　,224,21.4,14.2,0.1,0,0.16256
1182,にじます　海面養殖　皮なし、刺身　　,189,20.5,10.8,0.2,0,0.127
1183,にじます　海面養殖　皮つき、焼き　　,266,27.2,15.8,0.4,0,0.17272
1184,にじます　淡水養殖　皮つき、生　　,127,19.7,4.6,0.1,0,0.127
1185,べにざけ　生　　,138,22.5,4.5,0.1,0,0.14478
1186,べにざけ　焼き　　,177,28.5,6.0,0.1,0,0.18288
1187,べにざけ　くん製　　,161,25.7,5.5,0.1,0,3.81
1188,ますのすけ　生　　,200,19.5,12.5,0,0,0.09652
1189,ますのすけ　焼き　　,269,26.4,16.7,0,0,0.12192
1190,まさば　生　　,247,20.6,16.8,0.3,0,0.2794
1191,まさば　水煮　　,309,22.6,22.6,0.3,0,0.23876
1192,まさば　焼き　　,318,25.2,22.4,0.4,0,0.3048
1193,まさば　フライ　　,332,20.0,25.1,0,-,0.3302
1194,ごまさば　生　　,146,23.0,5.1,0.3,0,0.16764
1195,ごまさば　水煮　　,155,24.8,5.2,0.2,0,0.14224
1196,ごまさば　焼き　　,195,31.1,6.6,0.3,0,0.22352
1197,ごまさば　さば節　　,360,73.9,5.1,0,0,0.9398
1198,たいせいようさば　生　　,326,17.2,26.8,0.4,0,0.25146
1199,たいせいようさば　水煮　　,348,18.6,28.5,0.4,0,0.24384
1200,たいせいようさば　焼き　　,370,21.8,29.3,0.5,0,0.3048
1201,塩さば　　,291,26.2,19.1,0.1,0,1.8288
1202,開き干し　　,348,18.7,28.5,0.2,0,1.7272
1203,しめさば　　,339,18.6,26.9,1.7,0,1.6256
1204,缶詰　水煮　　,190,20.9,10.7,0.2,0,0.8636
1205,缶詰　みそ煮　　,217,16.3,13.9,6.6,0,1.0922
1206,缶詰　味付け　　,215,21.4,12.6,4,0,1.3462
1207,あぶらつのざめ　生　　,159,16.8,9.4,0,0,0.254
1208,よしきりざめ　生　　,85,18.9,0.6,0,0,0.5334
1209,ふかひれ　　　,342,83.9,1.6,0,0,0.4572
1210,さより　生　　　,95,19.6,1.3,0,0,0.4826
1211,さわら　生　　　,177,20.1,9.7,0.1,0,0.1651
1212,さわら　焼き　　　,202,23.6,10.8,0.1,0,0.2286
1213,さんま　皮つき、生　　　,297,17.6,23.6,0.1,0,0.3302
1214,さんま　皮なし、刺身　　　,335,16.9,28.0,0.2,0,0.3048
1215,さんま　皮つき、焼き　　　,270,23.9,17.9,0.2,0,0.3302
1216,さんま　開き干し　　　,261,19.3,19.0,0.1,0,1.27
1217,さんま　みりん干し　　　,409,23.9,25.8,20.4,0,3.556
1218,さんま　缶詰　味付け　　,268,18.9,18.9,5.6,0,1.3716
1219,さんま　缶詰　かば焼　　,225,17.4,13.0,9.7,0,1.524
1220,しいら　生　　　,108,21.3,1.9,0,0,0.127
1221,ししゃも　生干し　生　　,166,21.0,8.1,0.2,0,1.2446
1222,ししゃも　生干し　焼き　　,177,24.3,7.8,0.2,0,1.6256
1223,からふとししゃも　生干し　生　　,177,15.6,11.6,0.5,0,1.4986
1224,からふとししゃも　生干し　焼き　　,186,18.2,11.3,0.6,0,1.9558
1225,したびらめ　生　　　,96,19.2,1.6,0,0,0.3556
1226,しまあじ　養殖　生　　　,168,21.9,8.0,0.1,0,0.13462
1227,しらうお　生　　　,77,13.6,2.0,0.1,0,0.4318
1228,シルバー　生　　　,153,18.6,7.9,0,0,0.2159
1229,すずき　生　　　,123,19.8,4.2,0,0,0.20574
1230,きだい　生　　,108,18.6,3.1,0.2,0,0.18542
1231,くろだい　生　　,150,20.4,6.7,0.3,0,0.14986
1232,ちだい　生　　,105,19.4,2.4,0.1,0,0.1905
1233,まだい　天然　生　　,142,20.6,5.8,0.1,0,0.1397
1234,まだい　養殖　皮つき　生　　,177,20.9,9.4,0.1,0,0.13208
1235,まだい　養殖　皮なし　刺身　　,146,21.2,5.9,0.2,0,0.10922
1236,まだい　養殖　皮つき　水煮　　,206,22.2,11.9,0.1,0,0.127
1237,まだい　養殖　皮つき　焼き　　,210,22.7,12.0,0.1,0,0.1397
1238,たかさご　生　　　,100,20.2,1.5,0.1,0,0.12192
1239,たかべ　生　　　,164,18.7,9.0,0,0,0.3048
1240,たちうお　生　　　,266,16.5,20.9,0,0,0.22352
1241,すけとうだら　生　　,76,17.4,0.3,0,0,0.254
1242,すけとうだら　フライ　　,207,19.2,11.9,0,-,0.3556
1243,すけとうだら　すり身　　,98,17.5,0.2,6.6,0,0.3048
1244,すけとうだら　すきみだら　　,174,40.5,0.3,0.1,0,18.796
1245,すけとうだら　たらこ　生　,140,24.0,4.7,0.4,0,4.572
1246,すけとうだら　たらこ　焼き　,170,28.3,6.1,0.5,0,5.334
1247,すけとうだら　からしめんたいこ　　,126,21.0,3.3,3,0,5.588
1248,まだら　生　　,77,17.6,0.2,0.1,0,0.2794
1249,まだら　焼き　　,109,25.2,0.2,0.2,0,0.3556
1250,まだら　しらこ　生　　,62,13.4,0.8,0.2,0,0.2794
1251,まだら　塩だら　　,65,15.2,0.1,0,0,2.0066
1252,まだら　干しだら　　,317,73.2,0.8,0.1,0,3.81
1253,まだら　でんぶ　　,278,25.5,1.1,41.5,0,4.064
1254,ちか　生　　　,88,19.5,0.6,0,0,0.635
1255,どじょう　生　　　,79,16.1,1.2,0,0,0.24384
1256,どじょう　水煮　　　,83,17.1,1.2,0,0,0.254
1257,とびうお　生　　　,96,21.0,0.7,0.1,0,0.16256
1258,ナイルティラピア　生　　　,134,19.8,5.3,0.2,0,0.1524
1259,なまず　生　　　,159,18.4,8.6,0,0,0.11684
1260,にぎす　生　　　,91,18.7,1.2,0.1,0,0.4826
1261,にしん　生　　　,216,17.4,15.1,0.1,0,0.2794
1262,にしん　身欠きにしん　　　,246,20.9,16.7,0.2,0,0.4318
1263,にしん　開き干し　　　,264,18.5,19.7,0.2,0,0.9144
1264,にしん　くん製　　　,305,23.1,22.1,0,0,9.906
1265,にしん　かずのこ　生　　,162,25.2,6.7,0.2,0,0.8128
1266,にしん　かずのこ　乾　　,385,65.2,13.6,0.5,0,3.556
1267,にしん　かずのこ　塩蔵　水戻し　　,89,15.0,3.0,0.6,0,1.2192
1268,はぜ　生　　　,83,19.1,0.2,0.1,0,0.23622
1269,はぜ　つくだ煮　　　,284,24.3,3.0,39.9,0,5.588
1270,はぜ　甘露煮　　　,265,21.1,2.2,40.3,0,3.81
1271,はたはた　生　　　,113,14.1,5.7,0,0,0.4572
1272,はたはた　生干し　　　,167,16.7,10.3,0,0,1.2954
1273,はまふえふき　生　　　,90,20.5,0.3,0.1,0,0.2032
1274,はも　生　　　,144,22.3,5.3,0,0,0.16764
1275,ひらまさ　生　　　,142,22.6,4.9,0.1,0,0.11938
1276,ひらめ　天然　生　　　,103,20.0,2.0,0,0,0.11684
1277,ひらめ　養殖　皮つき　生　　　,126,21.6,3.7,0,0,0.10922
1278,ひらめ　養殖　皮なし　刺身　　　,113,21.2,2.5,0.1,0,0.10414
1279,とらふぐ　養殖　生　　,85,19.3,0.3,0.2,0,0.254
1280,まふぐ　生　　,84,18.9,0.4,0,0,0.21082
1281,ふな　生　　　,101,18.2,2.5,0.1,0,0.0762
1282,ふな　水煮　　　,112,20.3,2.8,0.1,0,0.11684
1283,ふな　甘露煮　　　,272,15.5,3.6,44.4,0,3.302
1284,ぶり　成魚　生　　,257,21.4,17.6,0.3,0,0.08128
1285,ぶり　成魚　焼き　　,304,26.2,20.4,0.3,0,0.1016
1286,ぶり　はまち　養殖　皮つき　生　　,251,20.7,17.2,0.3,0,0.09652
1287,ぶり　はまち　養殖　皮なし　刺身　　,203,21.0,12.0,0.3,0,0.09144
1288,ほうぼう　生　　　,122,19.6,4.2,0,0,0.2794
1289,ホキ　生　　　,84,17.0,1.3,0,0,0.4064
1290,ほっけ　生　　　,115,17.3,4.4,0.1,0,0.20574
1291,ほっけ　塩ほっけ　　　,123,18.1,4.9,0.1,0,3.556
1292,ほっけ　開き干し　生　　,176,20.6,9.4,0.1,0,1.7526
1293,ほっけ　開き干し　焼き　　,200,23.1,10.9,0.2,0,1.9558
1294,ぼら　生　　　,128,19.2,5.0,0.1,0,0.22098
1295,ぼら　からすみ　　　,423,40.4,28.9,0.3,0,3.556
1296,ほんもろこ　生　　　,113,17.5,4.1,0.1,0,0.21844
1297,きはだ　生　　,106,24.3,0.4,0,0,0.10922
1298,くろまぐろ　赤身　生　　,125,26.4,1.4,0.1,0,0.12446
1299,くろまぐろ　脂身　生　　,344,20.1,27.5,0.1,0,0.18034
1300,びんなが　生　　,117,26.0,0.7,0.2,0,0.09652
1301,みなみまぐろ　赤身　生　　,93,21.6,0.1,0.1,0,0.10922
1302,みなみまぐろ　脂身　生　　,352,20.3,28.3,0.1,0,0.11176
1303,めじまぐろ　生　　,152,25.2,4.8,0.1,0,0.10668
1304,めばち　生　　,108,22.8,1.2,0.2,0,0.12446
1305,缶詰　水煮　フレーク　ライト　　,71,16.0,0.7,0.2,0,0.5334
1306,缶詰　水煮　フレーク　ホワイト　　,97,18.3,2.5,0.4,0,0.6604
1307,缶詰　味付け　フレーク　　,136,19.0,2.3,9.9,0,1.9304
1308,缶詰　油漬　フレーク　ライト　　,267,17.7,21.7,0.1,0,0.8636
1309,缶詰　油漬　フレーク　ホワイト　　,288,18.8,23.6,0.1,0,0.9398
1310,マジェランあいなめ　生　　　,272,13.3,22.9,0.1,0,0.1651
1311,まながつお　生　　　,175,17.1,10.9,0,0,0.4064
1312,みなみくろたち　生　　　,120,21.7,3.0,0.1,0,0.3048
1313,みなみだら　生　　　,72,16.4,0.3,0,0,0.5588
1314,むつ　生　　　,189,16.7,12.6,0,0,0.2159
1315,むつ　水煮　　　,173,22.2,8.4,0,0,0.2032
1316,めじな　生　　　,125,19.4,4.5,0.1,0,0.23114
1317,めばる　生　　　,109,18.1,3.5,0,0,0.1905
1318,メルルーサ　生　　　,77,17.0,0.6,0,0,0.3556
1319,やつめうなぎ　生　　　,273,15.8,21.8,0.2,0,0.12446
1320,やつめうなぎ　干しやつめ　　　,508,50.3,31.2,0.5,0,0.3302
1321,やまめ　養殖　生　　　,119,18.4,4.3,0.3,0,0.127
1322,わかさぎ　生　　　,77,14.4,1.7,0.1,0,0.508
1323,わかさぎ　つくだ煮　　　,317,28.7,5.5,38.2,0,4.826
1324,わかさぎ　あめ煮　　　,313,26.3,5.1,40.4,0,4.064
1325,あかがい　生　　　,74,13.5,0.3,3.5,0,0.762
1326,あげまき　生　　　,48,8.1,0.6,2,0,1.524
1327,あさり　生　　　,30,6.0,0.3,0.4,0,2.2098
1328,あさり　つくだ煮　　　,225,20.8,2.4,30.1,0,7.366
1329,あさり　缶詰　水煮　　,114,20.3,2.2,1.9,0,0.9906
1330,あさり　缶詰　味付け　　,130,16.6,1.9,11.5,0,1.6256
1331,あわび　生　　　,73,12.7,0.3,4,0,0.8382
1332,あわび　干し　　　,273,38.0,1.6,23.8,0,7.366
1333,あわび　塩辛　　　,100,14.8,3.9,1.4,0,6.604
1334,あわび　水煮缶詰　　　,90,19.4,0.4,1,0,1.4478
1335,いがい　生　　　,70,10.3,1.4,3.2,0,1.3716
1336,いたやがい　養殖　生　　　,59,10.8,0.8,1.5,0,1.143
1337,エスカルゴ　　水煮缶詰　　　,82,16.5,1.0,0.8,0,0.6604
1338,かき　養殖　生　　　,60,6.6,1.4,4.7,0,1.3208
1339,かき　養殖　水煮　　　,91,9.5,2.2,7.4,0,1.0668
1340,かき　くん製油漬缶詰　　　,298,12.5,22.6,11.2,0,0.762
1341,さざえ　生　　　,89,19.4,0.4,0.8,0,0.6096
1342,さざえ　焼き　　　,97,21.3,0.4,0.9,0,0.7112
1343,さるぼう　味付け缶詰　　　,135,15.9,2.2,12.9,0,2.2098
1344,しじみ　生　　　,64,7.5,1.4,4.5,0,0.4572
1345,しじみ　水煮　　　,113,15.4,2.7,5.5,0,0.254
1346,たいらがい　貝柱　生　　　,100,21.8,0.2,1.5,0,0.6604
1347,たにし　生　　　,80,13.0,1.1,3.6,0,0.05842
1348,つぶ　生　　　,86,17.8,0.2,2.3,0,0.9652
1349,とこぶし　生　　　,84,16.0,0.4,3,0,0.6604
1350,とりがい　斧足　生　　　,86,12.9,0.3,6.9,0,0.254
1351,ばい　生　　　,87,16.3,0.6,3.1,0,0.5588
1352,ばかがい　生　　　,61,10.9,0.5,2.4,0,0.762
1353,はまぐり　生　　,39,6.1,0.6,1.8,0,1.9812
1354,はまぐり　水煮　　,89,14.9,1.5,2.9,0,1.2446
1355,はまぐり　焼き　　,77,13.3,1.0,2.8,0,1.9558
1356,はまぐり　つくだ煮　　,219,27.0,2.8,21.4,0,7.112
1357,ちょうせんはまぐり　生　　,42,6.5,0.4,2.7,0,1.2954
1358,ほたてがい　生　　　,72,13.5,0.9,1.5,0,0.8128
1359,ほたてがい　水煮　　　,100,17.6,1.9,1.9,0,0.635
1360,ほたてがい　貝柱　生　　,88,16.9,0.3,3.5,0,0.3048
1361,ほたてがい　貝柱　焼き　　,122,23.8,0.3,4.6,0,0.381
1362,ほたてがい　貝柱　煮干し　　,322,65.7,1.4,7.6,0,6.35
1363,ほたてがい　貝柱　水煮缶詰　　,94,19.5,0.6,1.5,0,0.9906
1364,ほっきがい　生　　　,73,11.1,1.1,3.8,0,0.635
1365,みるがい　水管　生　　　,82,18.3,0.4,0.3,0,0.8382
1366,あまえび　生　　,87,19.8,0.3,0.1,0,0.762
1367,いせえび　生　　,92,20.9,0.4,0,0,0.889
1368,くるまえび　養殖　生　　,97,21.6,0.6,0,0,0.4318
1369,くるまえび　養殖　ゆで　　,124,28.2,0.5,0,0,0.508
1370,くるまえび　養殖　焼き　　,103,23.5,0.4,0,0,0.4572
1371,さくらえび　ゆで　　,91,18.2,1.5,0,-,2.1082
1372,さくらえび　素干し　　,312,64.9,4.0,0,-,3.048
1373,さくらえび　煮干し　　,273,59.1,2.5,0,-,8.636
1374,大正えび　生　　,95,21.7,0.3,0.1,0,0.508
1375,しばえび　生　　,83,18.7,0.4,0.1,0,0.635
1376,バナメイエビ　養殖　生　　,91,19.6,0.6,0.7,0,0.3556
1377,バナメイエビ　養殖　天ぷら　　,199,20.0,10.3,7.4,0.9,0.3556
1378,ブラックタイガー　養殖　生　　,82,18.4,0.3,0.3,0,0.381
1379,干しえび　　,233,48.6,2.8,0,-,3.81
1380,つくだ煮　　,244,25.9,2.2,0,-,4.826
1381,がざみ　生　　,65,14.4,0.3,0.3,0,0.9144
1382,毛がに　生　　,72,15.8,0.5,0.2,0,0.5588
1383,毛がに　ゆで　　,83,18.4,0.5,0.2,0,0.6096
1384,ずわいがに　生　　,63,13.9,0.4,0.1,0,0.7874
1385,ずわいがに　ゆで　　,69,15.0,0.6,0.1,0,0.6096
1386,ずわいがに　水煮缶詰　　,73,16.3,0.4,0.2,0,1.7018
1387,たらばがに　生　　,59,13.0,0.3,0.2,0,0.8636
1388,たらばがに　ゆで　　,80,17.5,0.5,0.3,0,0.7874
1389,たらばがに　水煮缶詰　　,90,20.6,0.3,0.1,0,1.4732
1390,がん漬　　,59,8.4,0.4,0,-,19.05
1391,あかいか　生　　,89,17.9,1.4,0,0,0.508
1392,けんさきいか　生　　,84,17.5,1.0,0.1,0,0.5334
1393,こういか　生　　,66,14.9,0.3,0.1,0,0.7112
1394,するめいか　生　　,83,17.9,0.8,0.1,0,0.5334
1395,するめいか　水煮　　,101,21.9,0.9,0.1,0,0.5842
1396,するめいか　焼き　　,109,23.6,1.0,0.1,0,0.8382
1397,するめいか　胴　皮つき　生　　,86,18.6,0.7,0.1,0,0.508
1398,するめいか　胴　皮なし　刺身　　,85,18.6,0.6,0.1,0,0.508
1399,するめいか　胴　皮なし　天ぷら　　,189,16.7,10.8,7.1,0.8,0.4572
1400,するめいか　耳・足　生　　,80,16.9,0.9,0,0,0.5842
1401,ほたるいか　生　　,84,11.8,3.5,0.2,0,0.6858
1402,ほたるいか　ゆで　　,104,17.7,2.9,0.4,0,0.6096
1403,ほたるいか　くん製　　,325,43.1,7.5,21.3,0,3.81
1404,ほたるいか　つくだ煮　　,260,27.0,6.7,22.9,0,3.048
1405,やりいか　生　　,85,17.6,1.0,0.4,0,0.4318
1406,するめ　　,334,69.2,4.3,0.4,0,2.2606
1407,さきいか　　,279,45.5,3.1,17.3,0,6.858
1408,くん製　　,206,35.2,1.5,12.8,0,6.096
1409,切りいかあめ煮　　,318,22.7,4.7,46.1,0,2.794
1410,いかあられ　　,293,20.0,1.8,49.1,0,1.778
1411,塩辛　　,117,15.2,3.4,6.5,0,6.858
1412,味付け缶詰　　,133,21.4,1.8,7.7,0,1.778
1413,いいだこ　生　　,70,14.6,0.8,0.1,0,0.635
1414,まだこ　生　　,76,16.4,0.7,0.1,0,0.7112
1415,まだこ　ゆで　　,99,21.7,0.7,0.1,0,0.5842
1416,あみ　つくだ煮　　　,233,19.1,1.8,0,-,6.858
1417,あみ　塩辛　　　,65,12.9,1.1,0,-,19.812
1418,うに　生うに　　　,120,16.0,4.8,3.3,0,0.5588
1419,うに　粒うに　　　,183,17.2,5.8,15.6,0,8.382
1420,うに　練りうに　　　,170,13.5,2.9,22.4,0,7.112
1421,おきあみ　生　　　,94,15.0,3.2,0,-,1.0668
1422,おきあみ　ゆで　　　,86,13.8,3.0,0,-,1.5748
1423,くらげ　塩蔵　塩抜き　　　,22,5.2,0.1,0,0,0.2794
1424,しゃこ　ゆで　　　,98,19.2,1.7,0.2,0,0.7874
1425,なまこ　生　　　,23,4.6,0.3,0.5,0,1.7272
1426,なまこ　このわた　　　,64,11.4,1.8,0.5,0,4.572
1427,ほや　生　　　,30,5.0,0.8,0.8,0,3.302
1428,ほや　塩辛　　　,72,11.6,1.1,3.8,0,3.556
1429,かに風味かまぼこ　　　　,90,12.1,0.5,9.2,0,2.159
1430,昆布巻きかまぼこ　　　　,84,8.9,0.5,0,-,2.413
1431,す巻きかまぼこ　　　　,90,12.0,0.8,8.7,0,2.2098
1432,蒸しかまぼこ　　　　,95,12.0,0.9,9.7,0,2.54
1433,焼き抜きかまぼこ　　　　,103,16.2,1.0,7.4,0,2.3622
1434,焼き竹輪　　　　,121,12.2,2.0,13.5,0,2.1082
1435,だて巻　　　　,196,14.6,7.5,17.6,0,0.889
1436,つみれ　　　　,113,12.0,4.3,6.5,0,1.4478
1437,なると　　　　,80,7.6,0.4,11.6,0,2.032
1438,はんぺん　　　　,94,9.9,1.0,11.4,0,1.4986
1439,さつま揚げ　　　　,139,12.5,3.7,13.9,0,1.8542
1440,魚肉ハム　　　　,158,13.4,6.7,11.1,0,2.286
1441,魚肉ソーセージ　　　　,161,11.5,7.2,12.6,0,2.0574
1442,いのしし　肉　脂身つき　生　　　,268,18.8,19.8,0.5,0,0.1143
1443,いのぶた　肉　脂身つき　生　　　,304,18.1,24.1,0.3,0,0.127
1444,うさぎ　肉　赤肉　生　　　,146,20.5,6.3,0,0,0.0889
1445,うし　［和牛肉］　かた　脂身つき　生　,286,17.7,22.3,0.3,0,0.11938
1446,うし　［和牛肉］　かた　皮下脂肪なし　生　,265,18.3,19.8,0.3,0,0.12192
1447,うし　［和牛肉］　かた　赤肉　生　,201,20.2,12.2,0.3,0,0.13208
1448,うし　［和牛肉］　かた　脂身　生　,751,4.0,78.0,0,0,0.04826
1449,うし　［和牛肉］　かたロース　脂身つき　生　,411,13.8,37.4,0.2,0,0.10668
1450,うし　［和牛肉］　かたロース　皮下脂肪なし　生　,403,14.0,36.5,0.2,0,0.10668
1451,うし　［和牛肉］　かたロース　赤肉　生　,316,16.5,26.1,0.2,0,0.12446
1452,うし　［和牛肉］　リブロース　脂身つき　生　,573,9.7,56.5,0.1,0,0.09906
1453,うし　［和牛肉］　リブロース　脂身つき　焼き　,597,14.6,56.8,0.2,0,0.127
1454,うし　［和牛肉］　リブロース　脂身つき　ゆで　,601,12.6,58.2,0.1,0,0.0508
1455,うし　［和牛肉］　リブロース　皮下脂肪なし　生　,556,10.3,54.4,0.1,0,0.10414
1456,うし　［和牛肉］　リブロース　赤肉　生　,436,14.0,40.0,0.2,0,0.13462
1457,うし　［和牛肉］　リブロース　脂身　生　,752,4.2,78.0,0,0,0.0508
1458,うし　［和牛肉］　サーロイン　脂身つき　生　,498,11.7,47.5,0.3,0,0.08128
1459,うし　［和牛肉］　サーロイン　皮下脂肪なし　生　,456,12.9,42.5,0.3,0,0.08636
1460,うし　［和牛肉］　サーロイン　赤肉　生　,317,17.1,25.8,0.4,0,0.10668
1461,うし　［和牛肉］　ばら　脂身つき　生　,517,11.0,50.0,0.1,0,0.11176
1462,うし　［和牛肉］　もも　脂身つき　生　,259,19.2,18.7,0.5,0,0.1143
1463,うし　［和牛肉］　もも　皮下脂肪なし　生　,233,20.2,15.5,0.6,0,0.11938
1464,うし　［和牛肉］　もも　皮下脂肪なし　焼き　,333,27.7,22.7,0.5,0,0.127
1465,うし　［和牛肉］　もも　皮下脂肪なし　ゆで　,328,25.7,23.3,0.2,0,0.05842
1466,うし　［和牛肉］　もも　赤肉　生　,193,21.3,10.7,0.6,0,0.12192
1467,うし　［和牛肉］　もも　脂身　生　,728,4.4,75.4,0,0,0.06096
1468,うし　［和牛肉］　そともも　脂身つき　生　,265,17.8,20.0,0.5,0,0.11684
1469,うし　［和牛肉］　そともも　皮下脂肪なし　生　,237,18.7,16.6,0.5,0,0.11938
1470,うし　［和牛肉］　そともも　赤肉　生　,172,20.7,8.7,0.6,0,0.127
1471,うし　［和牛肉］　ランプ　脂身つき　生　,347,15.1,29.9,0.4,0,0.1016
1472,うし　［和牛肉］　ランプ　皮下脂肪なし　生　,318,16.0,26.4,0.4,0,0.10668
1473,うし　［和牛肉］　ランプ　赤肉　生　,211,19.2,13.6,0.5,0,0.11938
1474,うし　［和牛肉］　ヒレ　赤肉　生　,223,19.1,15.0,0.3,0,0.1016
1475,うし　［乳用肥育牛肉］　かた　脂身つき　生　,257,16.8,19.6,0.4,0,0.14224
1476,うし　［乳用肥育牛肉］　かた　皮下脂肪なし　生　,217,17.9,14.9,0.4,0,0.14986
1477,うし　［乳用肥育牛肉］　かた　赤肉　生　,143,19.9,6.1,0.5,0,0.1651
1478,うし　［乳用肥育牛肉］　かた　脂身　生　,709,4.5,73.3,0,0,0.05334
1479,うし　［乳用肥育牛肉］　かたロース　脂身つき　生　,318,16.2,26.4,0.2,0,0.127
1480,うし　［乳用肥育牛肉］　かたロース　皮下脂肪なし　生　,308,16.5,25.2,0.2,0,0.12954
1481,うし　［乳用肥育牛肉］　かたロース　赤肉　生　,212,19.1,13.9,0.2,0,0.14478
1482,うし　［乳用肥育牛肉］　リブロース　脂身つき　生　,409,14.1,37.1,0.2,0,0.1016
1483,うし　［乳用肥育牛肉］　リブロース　脂身つき　焼き　,511,20.4,45.0,0.3,0,0.13462
1484,うし　［乳用肥育牛肉］　リブロース　脂身つき　ゆで　,478,17.2,43.0,0.3,0,0.06604
1485,うし　［乳用肥育牛肉］　リブロース　皮下脂肪なし　生　,378,15.0,33.4,0.2,0,0.10668
1486,うし　［乳用肥育牛肉］　リブロース　赤肉　生　,248,18.8,17.8,0.3,0,0.12954
1487,うし　［乳用肥育牛肉］　リブロース　脂身　生　,773,3.7,80.5,0,0,0.04572
1488,うし　［乳用肥育牛肉］　サーロイン　脂身つき　生　,334,16.5,27.9,0.4,0,0.12192
1489,うし　［乳用肥育牛肉］　サーロイン　皮下脂肪なし　生　,270,18.4,20.2,0.5,0,0.13462
1490,うし　［乳用肥育牛肉］　サーロイン　赤肉　生　,177,21.1,9.1,0.6,0,0.1524
1491,うし　［乳用肥育牛肉］　ばら　脂身つき　生　,426,12.8,39.4,0.3,0,0.14224
1492,うし　［乳用肥育牛肉］　ばら　脂身つき　焼き　,484,15.9,44.2,0.3,0,0.1524
1493,うし　［乳用肥育牛肉］　もも　脂身つき　生　,209,19.5,13.3,0.4,0,0.12446
1494,うし　［乳用肥育牛肉］　もも　皮下脂肪なし　生　,181,20.5,9.9,0.4,0,0.127
1495,うし　［乳用肥育牛肉］　もも　皮下脂肪なし　焼き　,245,28.0,13.2,0.6,0,0.1651
1496,うし　［乳用肥育牛肉］　もも　皮下脂肪なし　ゆで　,252,28.4,13.8,0.6,0,0.0889
1497,うし　［乳用肥育牛肉］　もも　赤肉　生　,140,21.9,4.9,0.4,0,0.13208
1498,うし　［乳用肥育牛肉］　もも　脂身　生　,626,5.1,64.1,0.2,0,0.0762
1499,うし　［乳用肥育牛肉］　そともも　脂身つき　生　,233,18.2,16.3,0.6,0,0.1397
1500,うし　［乳用肥育牛肉］　そともも　皮下脂肪なし　生　,190,19.6,11.1,0.6,0,0.14478
1501,うし　［乳用肥育牛肉］　そともも　赤肉　生　,140,21.3,5.0,0.7,0,0.15494
1502,うし　［乳用肥育牛肉］　ランプ　脂身つき　生　,248,18.6,17.8,0.6,0,0.13716
1503,うし　［乳用肥育牛肉］　ランプ　皮下脂肪なし　生　,216,19.7,13.9,0.6,0,0.14224
1504,うし　［乳用肥育牛肉］　ランプ　赤肉　生　,153,22.0,6.1,0.7,0,0.1524
1505,うし　［乳用肥育牛肉］　ヒレ　赤肉　生　,195,20.8,11.2,0.5,0,0.14224
1506,うし　［乳用肥育牛肉］　ヒレ　赤肉　焼き　,259,27.2,15.2,0.4,0,0.18796
1507,うし　［交雑牛肉］　リブロース　脂身つき　生　,539,12.0,51.8,0.3,0,0.10668
1508,うし　［交雑牛肉］　リブロース　脂身つき　焼き　,627,14.5,60.1,0.2,0,0.11938
1509,うし　［交雑牛肉］　リブロース　脂身つき　ゆで　,588,13.2,56.5,0.1,0,0.04064
1510,うし　［交雑牛肉］　リブロース　皮下脂肪なし　生　,484,13.6,45.2,0.3,0,0.12192
1511,うし　［交雑牛肉］　リブロース　赤肉　生　,376,16.7,32.3,0.4,0,0.14986
1512,うし　［交雑牛肉］　リブロース　脂身　生　,831,3.6,86.7,0,0,0.03302
1513,うし　［交雑牛肉］　ばら　脂身つき　生　,470,12.2,44.4,0.3,0,0.14986
1514,うし　［交雑牛肉］　もも　脂身つき　生　,343,16.4,28.9,0.4,0,0.16002
1515,うし　［交雑牛肉］　もも　皮下脂肪なし　生　,282,18.3,21.6,0.4,0,0.17272
1516,うし　［交雑牛肉］　もも　皮下脂肪なし　焼き　,367,25.0,27.6,0.5,0,0.16002
1517,うし　［交雑牛肉］　もも　皮下脂肪なし　ゆで　,375,25.7,28.2,0.2,0,0.07366
1518,うし　［交雑牛肉］　もも　赤肉　生　,248,19.3,17.5,0.5,0,0.18034
1519,うし　［交雑牛肉］　もも　脂身　生　,734,4.8,75.8,0.1,0,0.07366
1520,うし　［交雑牛肉］　ヒレ　赤肉　生　,251,19.0,18.0,0.4,0,0.14224
1521,うし　［輸入牛肉］　かた　脂身つき　生　,180,19.0,10.6,0.1,0,0.13716
1522,うし　［輸入牛肉］　かた　皮下脂肪なし　生　,157,19.6,7.8,0.1,0,0.14224
1523,うし　［輸入牛肉］　かた　赤肉　生　,130,20.4,4.6,0.1,0,0.14732
1524,うし　［輸入牛肉］　かた　脂身　生　,599,7.1,60.5,0,0,0.06096
1525,うし　［輸入牛肉］　かたロース　脂身つき　生　,240,17.9,17.4,0.1,0,0.12446
1526,うし　［輸入牛肉］　かたロース　皮下脂肪なし　生　,237,18.0,17.1,0.1,0,0.12446
1527,うし　［輸入牛肉］　かたロース　赤肉　生　,173,19.7,9.5,0.1,0,0.13716
1528,うし　［輸入牛肉］　リブロース　脂身つき　生　,231,20.1,15.4,0.4,0,0.11176
1529,うし　［輸入牛肉］　リブロース　脂身つき　焼き　,332,25.0,23.9,0.3,0,0.10414
1530,うし　［輸入牛肉］　リブロース　脂身つき　ゆで　,335,25.8,23.9,0.1,0,0.04572
1531,うし　［輸入牛肉］　リブロース　皮下脂肪なし　生　,223,20.3,14.4,0.4,0,0.1143
1532,うし　［輸入牛肉］　リブロース　赤肉　生　,179,21.7,9.1,0.4,0,0.11938
1533,うし　［輸入牛肉］　リブロース　脂身　生　,712,5.7,73.1,0.1,0,0.04318
1534,うし　［輸入牛肉］　サーロイン　脂身つき　生　,298,17.4,23.7,0.4,0,0.09906
1535,うし　［輸入牛肉］　サーロイン　皮下脂肪なし　生　,238,19.1,16.5,0.4,0,0.10668
1536,うし　［輸入牛肉］　サーロイン　赤肉　生　,136,22.0,4.4,0.5,0,0.12192
1537,うし　［輸入牛肉］　ばら　脂身つき　生　,371,14.4,32.9,0.2,0,0.13208
1538,うし　［輸入牛肉］　もも　脂身つき　生　,165,19.6,8.6,0.4,0,0.10414
1539,うし　［輸入牛肉］　もも　皮下脂肪なし　生　,149,20.0,6.7,0.4,0,0.10668
1540,うし　［輸入牛肉］　もも　皮下脂肪なし　焼き　,253,28.0,14.1,0.4,0,0.10414
1541,うし　［輸入牛肉］　もも　皮下脂肪なし　ゆで　,231,30.0,11.0,0.2,0,0.04826
1542,うし　［輸入牛肉］　もも　赤肉　生　,132,21.2,4.3,0.4,0,0.11176
1543,うし　［輸入牛肉］　もも　脂身　生　,633,6.3,64.4,0.2,0,0.04826
1544,うし　［輸入牛肉］　そともも　脂身つき　生　,215,18.7,14.3,0.3,0,0.12192
1545,うし　［輸入牛肉］　そともも　皮下脂肪なし　生　,195,19.3,11.9,0.3,0,0.12446
1546,うし　［輸入牛肉］　そともも　赤肉　生　,127,21.2,3.9,0.3,0,0.13462
1547,うし　［輸入牛肉］　ランプ　脂身つき　生　,234,18.4,16.4,0.4,0,0.1143
1548,うし　［輸入牛肉］　ランプ　皮下脂肪なし　生　,190,19.7,11.1,0.5,0,0.11938
1549,うし　［輸入牛肉］　ランプ　赤肉　生　,121,21.6,3.0,0.5,0,0.13208
1550,うし　［輸入牛肉］　ヒレ　赤肉　生　,133,20.5,4.8,0.3,0,0.1143
1551,うし　［子牛肉］　リブロース　皮下脂肪なし　生　,101,21.7,0.9,0.3,0,0.17018
1552,うし　［子牛肉］　ばら　皮下脂肪なし　生　,122,20.9,3.6,0,0,0.254
1553,うし　［子牛肉］　もも　皮下脂肪なし　生　,116,21.2,2.7,0.2,0,0.13716
1554,うし　［ひき肉］　生　　,272,17.1,21.1,0.3,0,0.16256
1555,うし　［ひき肉］　焼き　　,311,25.9,21.3,0.4,0,0.23368
1556,うし　［副生物］　舌　生　,356,13.3,31.8,0.2,0,0.1524
1557,うし　［副生物］　舌　焼き　,435,20.2,37.1,0.2,0,0.19812
1558,うし　［副生物］　心臓　生　,142,16.5,7.6,0.1,0,0.1778
1559,うし　［副生物］　肝臓　生　,132,19.6,3.7,3.7,0,0.1397
1560,うし　［副生物］　じん臓　生　,131,16.7,6.4,0.2,0,0.2032
1561,うし　［副生物］　第一胃　ゆで　,182,24.5,8.4,0,0,0.12954
1562,うし　［副生物］　第二胃　ゆで　,200,12.4,15.7,0,0,0.09906
1563,うし　［副生物］　第三胃　生　,62,11.7,1.3,0,0,0.127
1564,うし　［副生物］　第四胃　ゆで　,329,11.1,30.0,0,0,0.09652
1565,うし　［副生物］　小腸　生　,287,9.9,26.1,0,0,0.19558
1566,うし　［副生物］　大腸　生　,162,9.3,13.0,0,0,0.15494
1567,うし　［副生物］　直腸　生　,115,11.6,7.0,0,0,0.22098
1568,うし　［副生物］　腱　ゆで　,155,28.3,4.9,0,0,0.23622
1569,うし　［副生物］　子宮　ゆで　,106,18.4,3.0,0,0,0.20066
1570,うし　［副生物］　尾　生　,492,11.6,47.1,0,0,0.127
1571,うし　［副生物］　横隔膜　生　,301,14.9,25.2,0.3,0,0.11938
1572,うし　［加工品］　ローストビーフ　　,196,21.7,11.7,0.9,0,0.7874
1573,うし　［加工品］　コンビーフ缶詰　　,203,19.8,13.0,1.7,0,1.7526
1574,うし　［加工品］　味付け缶詰　　,156,19.2,4.4,9.9,0,1.8288
1575,うし　［加工品］　ビーフジャーキー　　,315,54.8,7.8,6.4,0,4.826
1576,うし　［加工品］　スモークタン　　,283,18.1,23.0,0.9,0,1.6002
1577,うま　肉　赤肉　生　　　,110,20.1,2.5,0.3,0,0.127
1578,くじら　肉　赤肉　生　　　,106,24.1,0.4,0.2,0,0.15748
1579,くじら　うねす　生　　　,376,18.8,31.4,0.2,0,0.381
1580,くじら　本皮　生　　　,689,9.7,68.8,0.2,0,0.14986
1581,くじら　さらしくじら　　　,31,5.3,0.9,0,0,0.00254
1582,しか　あかしか　赤肉　生　　　,110,22.3,1.5,0.5,0,0.14732
1583,しか　にほんじか　赤肉　生　　　,147,22.6,5.2,0.6,0,0.13208
1584,ぶた　［大型種肉］　かた　脂身つき　生　,216,18.5,14.6,0.2,0,0.13462
1585,ぶた　［大型種肉］　かた　皮下脂肪なし　生　,171,19.7,9.3,0.2,0,0.1397
1586,ぶた　［大型種肉］　かた　赤肉　生　,125,20.9,3.8,0.2,0,0.14732
1587,ぶた　［大型種肉］　かた　脂身　生　,704,5.3,72.4,0,0,0.05842
1588,ぶた　［大型種肉］　かたロース　脂身つき　生　,253,17.1,19.2,0.1,0,0.13716
1589,ぶた　［大型種肉］　かたロース　皮下脂肪なし　生　,226,17.8,16.0,0.1,0,0.14224
1590,ぶた　［大型種肉］　かたロース　赤肉　生　,157,19.7,7.8,0.1,0,0.15494
1591,ぶた　［大型種肉］　かたロース　脂身　生　,688,5.4,70.7,0,0,0.05334
1592,ぶた　［大型種肉］　ロース　脂身つき　生　,263,19.3,19.2,0.2,0,0.10668
1593,ぶた　［大型種肉］　ロース　脂身つき　焼き　,328,26.7,22.7,0.3,0,0.13208
1594,ぶた　［大型種肉］　ロース　脂身つき　ゆで　,329,23.9,24.1,0.3,0,0.0635
1595,ぶた　［大型種肉］　ロース　脂身つき　とんかつ　,450,22.0,35.9,10.5,0.7,0.2794
1596,ぶた　［大型種肉］　ロース　皮下脂肪なし　生　,202,21.1,11.9,0.3,0,0.1143
1597,ぶた　［大型種肉］　ロース　赤肉　生　,150,22.7,5.6,0.3,0,0.12192
1598,ぶた　［大型種肉］　ロース　脂身　生　,740,5.1,76.3,0,0,0.0381
1599,ぶた　［大型種肉］　ばら　脂身つき　生　,395,14.4,35.4,0.1,0,0.127
1600,ぶた　［大型種肉］　ばら　脂身つき　焼き　,496,19.6,43.9,0.1,0,0.14224
1601,ぶた　［大型種肉］　もも　脂身つき　生　,183,20.5,10.2,0.2,0,0.11938
1602,ぶた　［大型種肉］　もも　皮下脂肪なし　生　,148,21.5,6.0,0.2,0,0.12446
1603,ぶた　［大型種肉］　もも　皮下脂肪なし　焼き　,200,30.2,7.6,0.3,0,0.14732
1604,ぶた　［大型種肉］　もも　皮下脂肪なし　ゆで　,199,28.9,8.1,0.3,0,0.06858
1605,ぶた　［大型種肉］　もも　赤肉　生　,128,22.1,3.6,0.2,0,0.127
1606,ぶた　［大型種肉］　もも　脂身　生　,664,6.5,67.6,0,0,0.05588
1607,ぶた　［大型種肉］　そともも　脂身つき　生　,235,18.8,16.5,0.2,0,0.12954
1608,ぶた　［大型種肉］　そともも　皮下脂肪なし　生　,187,20.2,10.7,0.2,0,0.13716
1609,ぶた　［大型種肉］　そともも　赤肉　生　,143,21.4,5.5,0.2,0,0.14478
1610,ぶた　［大型種肉］　そともも　脂身　生　,669,6.6,68.1,0,0,0.05588
1611,ぶた　［大型種肉］　ヒレ　赤肉　生　,130,22.2,3.7,0.3,0,0.14224
1612,ぶた　［大型種肉］　ヒレ　赤肉　焼き　,223,39.3,5.9,0.4,0,0.23368
1613,ぶた　［大型種肉］　ヒレ　赤肉　とんかつ　,388,25.1,25.3,15.8,0.9,0.3556
1614,ぶた　［中型種肉］　かた　脂身つき　生　,239,18.3,17.2,0,0,0.13462
1615,ぶた　［中型種肉］　かた　皮下脂肪なし　生　,185,19.7,10.8,0,0,0.14478
1616,ぶた　［中型種肉］　かた　赤肉　生　,123,21.4,3.5,0,0,0.15494
1617,ぶた　［中型種肉］　かた　脂身　生　,733,4.9,75.7,0,0,0.0508
1618,ぶた　［中型種肉］　かたロース　脂身つき　生　,256,17.7,19.3,0,0,0.1397
1619,ぶた　［中型種肉］　かたロース　皮下脂肪なし　生　,226,18.5,15.7,0,0,0.14478
1620,ぶた　［中型種肉］　かたロース　赤肉　生　,151,20.6,6.8,0,0,0.16002
1621,ぶた　［中型種肉］　かたロース　脂身　生　,699,5.4,71.9,0,0,0.05588
1622,ぶた　［中型種肉］　ロース　脂身つき　生　,291,18.3,22.6,0.2,0,0.09906
1623,ぶた　［中型種肉］　ロース　皮下脂肪なし　生　,216,20.6,13.6,0.2,0,0.10922
1624,ぶた　［中型種肉］　ロース　赤肉　生　,141,22.9,4.6,0.2,0,0.11938
1625,ぶた　［中型種肉］　ロース　脂身　生　,754,4.1,78.3,0,0,0.0381
1626,ぶた　［中型種肉］　ばら　脂身つき　生　,434,13.4,40.1,0,0,0.10922
1627,ぶた　［中型種肉］　もも　脂身つき　生　,225,19.5,15.1,0.2,0,0.12192
1628,ぶた　［中型種肉］　もも　皮下脂肪なし　生　,164,21.3,7.8,0.2,0,0.12954
1629,ぶた　［中型種肉］　もも　赤肉　生　,143,21.9,5.3,0.2,0,0.13462
1630,ぶた　［中型種肉］　もも　脂身　生　,716,5.2,73.8,0,0,0.04572
1631,ぶた　［中型種肉］　そともも　脂身つき　生　,268,18.0,20.3,0.2,0,0.12446
1632,ぶた　［中型種肉］　そともも　皮下脂肪なし　生　,169,21.0,8.5,0.2,0,0.1397
1633,ぶた　［中型種肉］　そともも　赤肉　生　,138,21.9,4.8,0.2,0,0.14478
1634,ぶた　［中型種肉］　そともも　脂身　生　,703,4.9,72.5,0,0,0.05334
1635,ぶた　［中型種肉］　ヒレ　赤肉　生　,112,22.7,1.7,0.1,0,0.12192
1636,ぶた　［ひき肉］　生　　,236,17.7,17.2,0.1,0,0.14478
1637,ぶた　［ひき肉］　焼き　　,311,25.7,21.5,0.1,0,0.2032
1638,ぶた　［副生物］　舌　生　,221,15.9,16.3,0.1,0,0.2032
1639,ぶた　［副生物］　心臓　生　,135,16.2,7.0,0.1,0,0.2032
1640,ぶた　［副生物］　肝臓　生　,128,20.4,3.4,2.5,0,0.1397
1641,ぶた　［副生物］　じん臓　生　,114,14.1,5.8,0,0,0.4064
1642,ぶた　［副生物］　胃　ゆで　,121,17.4,5.1,0,0,0.254
1643,ぶた　［副生物］　小腸　ゆで　,171,14.0,11.9,0,0,0.03302
1644,ぶた　［副生物］　大腸　ゆで　,179,11.7,13.8,0,0,0.05334
1645,ぶた　［副生物］　子宮　生　,70,14.6,0.9,0,0,0.3302
1646,ぶた　［副生物］　豚足　ゆで　,230,20.1,16.8,0,0,0.2794
1647,ぶた　［副生物］　軟骨　ゆで　,231,17.8,17.9,0,0,0.3048
1648,ぶた　［ハム類］　骨付きハム　　,219,16.7,16.6,0.8,0,2.4638
1649,ぶた　［ハム類］　ボンレスハム　　,118,18.7,4.0,1.8,0,2.794
1650,ぶた　［ハム類］　ロースハム　　,196,16.5,13.9,1.3,0,2.54
1651,ぶた　［ハム類］　ショルダーハム　　,231,16.1,18.2,0.6,0,1.6256
1652,ぶた　［ハム類］　生ハム　促成　,247,24.0,16.6,0.5,0,2.794
1653,ぶた　［ハム類］　生ハム　長期熟成　,268,25.7,18.4,0,0,5.588
1654,ぶた　［プレスハム類］　プレスハム　　,118,15.4,4.5,3.9,0,2.3622
1655,ぶた　［プレスハム類］　チョップドハム　　,135,11.7,4.2,12.7,0,2.54
1656,ぶた　［ベーコン類］　ベーコン　　,405,12.9,39.1,0.3,0,2.032
1657,ぶた　［ベーコン類］　ロースベーコン　　,211,16.8,14.6,3.2,0,2.2098
1658,ぶた　［ベーコン類］　ショルダーベーコン　　,186,17.2,11.9,2.5,0,2.3876
1659,ぶた　［ソーセージ類］　ウインナーソーセージ　　,321,13.2,28.5,3,0,1.8542
1660,ぶた　［ソーセージ類］　セミドライソーセージ　　,339,15.4,29.7,2.6,0,2.794
1661,ぶた　［ソーセージ類］　ドライソーセージ　　,497,25.4,43.0,2.1,0,3.556
1662,ぶた　［ソーセージ類］　フランクフルトソーセージ　　,298,12.7,24.7,6.2,0,1.8796
1663,ぶた　［ソーセージ類］　ボロニアソーセージ　　,251,12.5,21.0,2.9,0,2.1082
1664,ぶた　［ソーセージ類］　リオナソーセージ　　,192,14.9,13.1,3.7,0,2.3114
1665,ぶた　［ソーセージ類］　レバーソーセージ　　,368,14.7,33.5,1.9,0,1.651
1666,ぶた　［ソーセージ類］　混合ソーセージ　　,270,11.8,22.7,4.7,0,2.159
1667,ぶた　［ソーセージ類］　生ソーセージ　　,279,14.0,24.4,0.8,0,1.7272
1668,ぶた　焼き豚　　,172,19.4,8.2,5.1,0,2.3622
1669,ぶた　レバーペースト　　,378,12.9,34.7,3.6,0,2.2352
1670,ぶた　スモークレバー　　,198,29.6,7.7,2.6,0,1.7526
1671,ぶた　ゼラチン　　,344,87.6,0.3,0,0,0.6604
1672,めんよう　［マトン］　ロース　脂身つき　生　,225,19.8,15.0,0.2,0,0.15748
1673,めんよう　［マトン］　ロース　脂身つき　焼き　,358,28.9,24.9,0.2,0,0.17526
1674,めんよう　［マトン］　もも　脂身つき　生　,224,18.8,15.3,0.1,0,0.09398
1675,めんよう　［ラム］　かた　脂身つき　生　,233,17.1,17.1,0.1,0,0.1778
1676,めんよう　［ラム］　ロース　脂身つき　生　,310,15.6,25.9,0.2,0,0.18288
1677,めんよう　［ラム］　ロース　脂身つき　焼き　,388,21.8,31.4,0.2,0,0.2032
1678,めんよう　［ラム］　もも　脂身つき　生　,198,20.0,12.0,0.3,0,0.14986
1679,めんよう　［ラム］　もも　脂身つき　焼き　,312,28.6,20.3,0.3,0,0.16256
1680,めんよう　混合プレスハム　　,107,14.4,4.1,3,0,2.2352
1681,やぎ　肉　赤肉　生　,107,21.9,1.5,0.2,0,0.1143
1682,うずら　肉　皮つき　生　　　,208,20.5,12.9,0.1,0,0.0889
1683,がちょう　フォアグラ　ゆで　　,510,8.3,49.9,1.5,0,0.11176
1684,かも　まがも　肉　皮なし　生　　,128,23.6,3.0,0.1,0,0.18288
1685,かも　あいがも　肉　皮つき　生　　,333,14.2,29.0,0.1,0,0.15748
1686,かも　あひる　肉　皮つき　生　　,250,14.9,19.8,0.1,0,0.17018
1687,かも　あひる　肉　皮なし　生　　,106,20.1,2.2,0.2,0,0.21336
1688,かも　あひる　皮　生　　,462,7.3,45.8,0,0,0.10668
1689,きじ　肉　皮なし　生　　　,108,23.0,1.1,0.1,0,0.09652
1690,しちめんちょう　肉　皮なし　生　　　,106,23.5,0.7,0.1,0,0.09398
1691,すずめ　肉　骨・皮つき　生　　　,132,18.1,5.9,0.1,0,0.2032
1692,にわとり　［成鶏肉］　手羽　皮つき　生　,195,23.0,10.4,0,0,0.11176
1693,にわとり　［成鶏肉］　むね　皮つき　生　,244,19.5,17.2,0,0,0.07874
1694,にわとり　［成鶏肉］　むね　皮なし　生　,121,24.4,1.9,0,0,0.08636
1695,にわとり　［成鶏肉］　もも　皮つき　生　,253,17.3,19.1,0,0,0.10668
1696,にわとり　［成鶏肉］　もも　皮なし　生　,138,22.0,4.8,0,0,0.127
1697,にわとり　［成鶏肉］　ささ身　生　,114,24.6,1.1,0,0,0.1016
1698,にわとり　［若鶏肉］　手羽　皮つき　生　,210,17.8,14.3,0,0,0.20066
1699,にわとり　［若鶏肉］　手羽先　皮つき　生　,226,17.4,16.2,0,0,0.19812
1700,にわとり　［若鶏肉］　手羽元　皮つき　生　,197,18.2,12.8,0,0,0.2032
1701,にわとり　［若鶏肉］　むね　皮つき　生　,145,21.3,5.9,0.1,0,0.10668
1702,にわとり　［若鶏肉］　むね　皮つき　焼き　,233,34.7,9.1,0.1,0,0.1651
1703,にわとり　［若鶏肉］　むね　皮なし　生　,116,23.3,1.9,0.1,0,0.1143
1704,にわとり　［若鶏肉］　むね　皮なし　焼き　,195,38.8,3.3,0.1,0,0.18542
1705,にわとり　［若鶏肉］　もも　皮つき　生　,204,16.6,14.2,0,0,0.15748
1706,にわとり　［若鶏肉］　もも　皮つき　焼き　,241,26.3,13.9,0,0,0.23368
1707,にわとり　［若鶏肉］　もも　皮つき　ゆで　,237,22.3,15.2,0,0,0.11938
1708,にわとり　［若鶏肉］　もも　皮つき　から揚げ　,313,24.2,18.1,14.1,0.8,2.5146
1709,にわとり　［若鶏肉］　もも　皮なし　生　,127,19.0,5.0,0,0,0.17526
1710,にわとり　［若鶏肉］　もも　皮なし　焼き　,161,25.5,5.7,0,0,0.20574
1711,にわとり　［若鶏肉］　もも　皮なし　ゆで　,155,25.1,5.2,0,0,0.14224
1712,にわとり　［若鶏肉］　もも　皮なし　から揚げ　,255,25.4,11.4,13.6,0.9,2.794
1713,にわとり　［若鶏肉］　ささ身　生　,105,23.0,0.8,0,0,0.08382
1714,にわとり　［若鶏肉］　ささ身　焼き　,127,27.3,1.3,0,0,0.09652
1715,にわとり　［若鶏肉］　ささ身　ゆで　,125,27.3,1.0,0,0,0.07366
1716,にわとり　［ひき肉］　生　　,186,17.5,12.0,0,0,0.1397
1717,にわとり　［ひき肉］　焼き　　,255,27.5,14.8,0,0,0.2159
1718,にわとり　［副生物］　心臓　生　,207,14.5,15.5,0,0,0.2159
1719,にわとり　［副生物］　肝臓　生　,111,18.9,3.1,0.6,0,0.2159
1720,にわとり　［副生物］　筋胃　生　,94,18.3,1.8,0,0,0.1397
1721,にわとり　［副生物］　皮　むね　生　,492,9.4,48.1,0,0,0.05842
1722,にわとり　［副生物］　皮　もも　生　,513,6.6,51.6,0,0,0.05842
1723,にわとり　［副生物］　軟骨　生　,54,12.5,0.4,0.4,0,0.9906
1724,にわとり　焼き鳥缶詰　　,177,18.4,7.8,8.2,0,2.159
1725,にわとり　チキンナゲット　,245,15.5,13.7,16.1,1.2,1.6002
1726,にわとり　つくね　,235,15.2,15.2,11.2,1.9,1.8288
1727,はと　肉　皮なし　生　,141,21.8,5.1,0.3,0,0.22352
1728,ほろほろちょう　肉　皮なし　生　　　,105,22.5,1.0,0.2,0,0.17018
1729,いなご　つくだ煮　　　,247,26.3,1.4,32.3,0,4.826
1730,かえる　肉　生　　　,99,22.3,0.4,0.3,0,0.08382
1731,すっぽん　肉　生　　　,197,16.4,13.4,0.5,0,0.17526
1732,はち　はちの子缶詰　　　,250,16.2,7.2,30.2,0,1.7272
1733,あひる卵　ピータン　　　,214,13.7,16.5,0,0,1.9812
1734,うこっけい卵　全卵　生　　　,176,12.0,13.0,0.4,0,0.3556
1735,うずら卵　全卵　生　　　,179,12.6,13.1,0.3,0,0.3302
1736,うずら卵　水煮缶詰　　　,182,11.0,14.1,0.6,0,0.5334
1737,鶏卵　全卵　生　,151,12.3,10.3,0.3,0,0.3556
1738,鶏卵　全卵　ゆで　,151,12.9,10.0,0.3,0,0.3302
1739,鶏卵　全卵　ポーチドエッグ　,164,12.3,11.7,0.2,0,0.2794
1740,鶏卵　全卵　水煮缶詰　,146,10.8,10.6,0,0,0.7874
1741,鶏卵　全卵　加糖全卵　,217,9.8,10.6,20.7,0,0.254
1742,鶏卵　全卵　乾燥全卵　,608,49.1,42.0,0.2,0,1.2446
1743,鶏卵　卵黄　生　,387,16.5,33.5,0.1,0,0.12192
1744,鶏卵　卵黄　ゆで　,386,16.7,33.3,0.2,0,0.11684
1745,鶏卵　卵黄　加糖卵黄　,346,12.1,23.9,20.7,0,0.09652
1746,鶏卵　卵黄　乾燥卵黄　,724,30.3,62.9,0.2,0,0.2032
1747,鶏卵　卵白　生　,47,10.5,0,0.4,0,0.4572
1748,鶏卵　卵白　ゆで　,50,11.3,0.1,0.4,0,0.4318
1749,鶏卵　卵白　乾燥卵白　,378,86.5,0.4,0.2,0,3.302
1750,鶏卵　たまご豆腐　　,79,6.4,5.0,2,0,0.9398
1751,鶏卵　たまご焼　厚焼きたまご　,151,10.8,9.1,6.4,0,1.1176
1752,鶏卵　たまご焼　だし巻きたまご　,128,11.2,9.0,0.5,0,1.1684
1753,生乳　ジャージー種　　,80,3.6,5.1,4.7,0,0.1397
1754,生乳　ホルスタイン種　　,66,3.2,3.7,4.7,0,0.1016
1755,普通牛乳　　　,67,3.3,3.8,4.8,0,0.10414
1756,加工乳　濃厚　　,73,3.5,4.2,5.2,0,0.1397
1757,加工乳　低脂肪　　,46,3.8,1.0,5.5,0,0.1524
1758,脱脂乳　　　,33,3.4,0.1,4.7,0,0.127
1759,乳飲料　コーヒー　　,56,2.2,2.0,7.2,0,0.0762
1760,乳飲料　フルーツ　　,46,1.2,0.2,9.9,0,0.0508
1761,全粉乳　　　,500,25.5,26.2,39.3,0,1.0922
1762,脱脂粉乳　　　,359,34.0,1.0,53.3,0,1.4478
1763,乳児用調製粉乳　　　,514,12.4,26.8,55.9,0,0.3556
1764,無糖練乳　　　,144,6.8,7.9,11.2,0,0.3556
1765,加糖練乳　　　,332,7.7,8.5,56,0,0.24384
1766,クリーム　乳脂肪　　,433,2.0,45.0,3.1,0,0.06858
1767,クリーム　乳脂肪 ・ 植物性脂肪　　,409,4.4,42.1,3,0,0.3556
1768,クリーム　植物性脂肪　　,392,6.8,39.2,2.9,0,0.635
1769,ホイップクリーム　乳脂肪　　,425,1.8,40.7,12.9,0,0.06096
1770,ホイップクリーム　乳脂肪・植物性脂肪　　,413,4.0,38.4,12.9,0,0.3302
1771,ホイップクリーム　植物性脂肪　　,402,6.3,36.1,12.9,0,0.5842
1772,コーヒーホワイトナー　液状　乳脂肪　　,211,5.2,18.3,5.5,0,0.381
1773,コーヒーホワイトナー　液状　乳脂肪・植物性脂肪　　,228,4.8,21.6,3.7,0,0.4064
1774,コーヒーホワイトナー　液状　植物性脂肪　　,248,4.3,24.8,1.8,0,0.4064
1775,コーヒーホワイトナー　粉末状　乳脂肪　　,518,7.7,27.6,60.1,0,0.9144
1776,コーヒーホワイトナー　粉末状　植物性脂肪　　,568,2.8,38.3,53.1,0,1.8034
1777,ヨーグルト　全脂無糖　　,62,3.6,3.0,4.9,0,0.12192
1778,ヨーグルト　低脂肪無糖　　,45,3.7,1.0,5.2,0,0.12192
1779,ヨーグルト　無脂肪無糖　　,42,4.0,0.3,5.7,0,0.13716
1780,ヨーグルト　脱脂加糖　　,67,4.3,0.2,11.9,0,0.1524
1781,ヨーグルト　ドリンクタイプ　加糖　,65,2.9,0.5,12.2,0,0.127
1782,乳酸菌飲料　乳製品　　,71,1.1,0.1,16.4,0,0.04572
1783,乳酸菌飲料　殺菌乳製品　　,217,1.5,0.1,52.6,0,0.04826
1784,乳酸菌飲料　非乳製品　　,58,0.4,0,14,0,0.04826
1785,ナチュラルチーズ　エダム　　,356,28.9,25.0,1.4,0,1.9812
1786,ナチュラルチーズ　エメンタール　　,429,27.3,33.6,1.6,0,1.27
1787,ナチュラルチーズ　カテージ　　,105,13.3,4.5,1.9,0,1.016
1788,ナチュラルチーズ　カマンベール　　,310,19.1,24.7,0.9,0,2.032
1789,ナチュラルチーズ　クリーム　　,346,8.2,33.0,2.3,0,0.6604
1790,ナチュラルチーズ　ゴーダ　　,380,25.8,29.0,1.4,0,2.032
1791,ナチュラルチーズ　チェダー　　,423,25.7,33.8,1.4,0,2.032
1792,ナチュラルチーズ　パルメザン　　,475,44.0,30.8,1.9,0,3.81
1793,ナチュラルチーズ　ブルー　　,349,18.8,29.0,1,0,3.81
1794,ナチュラルチーズ　マスカルポーネ　　,293,4.4,28.2,4.3,0,0.0889
1795,ナチュラルチーズ　モッツァレラ　　,276,18.4,19.9,4.2,0,0.1778
1796,ナチュラルチーズ　やぎ　　,296,20.6,21.7,2.7,0,1.2192
1797,ナチュラルチーズ　リコッタ　　,162,7.1,11.5,6.7,0,0.4064
1798,プロセスチーズ　　　,339,22.7,26.0,1.3,0,2.794
1799,チーズスプレッド　　　,305,15.9,25.7,0.6,0,2.54
1800,アイスクリーム　高脂肪　　,212,3.5,12.0,22.4,0,0.2032
1801,アイスクリーム　普通脂肪　　,180,3.9,8.0,23.2,0,0.2794
1802,アイスミルク　　　,167,3.4,6.4,23.9,0,0.1905
1803,ラクトアイス　普通脂肪　　,224,3.1,13.6,22.2,0,0.15494
1804,ラクトアイス　低脂肪　　,108,1.8,2.0,20.6,0,0.1143
1805,ソフトクリーム　　　,146,3.8,5.6,20.1,0,0.1651
1806,カゼイン　　　,378,86.2,1.5,0,0,0.0254
1807,シャーベット　　　,127,0.9,1.0,28.7,0,0.03302
1808,チーズホエーパウダー　　　,362,12.5,1.2,77,0,1.7526
1809,人乳　　　　,65,1.1,3.5,7.2,0,0.0381
1810,やぎ乳　　　　,63,3.1,3.6,4.5,0,0.0889
1811,あまに油　,921,0,100.0,0,0,0
1812,えごま油　,921,0,100.0,0,0,0
1813,オリーブ油　　　,921,0,100.0,0,0,0
1814,ごま油　　　,921,0,100.0,0,0,0
1815,米ぬか油　　　,921,0,100.0,0,0,0
1816,サフラワー油　ハイオレイック　,921,0,100.0,0,0,0
1817,サフラワー油　ハイリノール　,921,0,100.0,0,0,0
1818,大豆油　　　,921,0,100.0,0,0,0
1819,調合油　　　,921,0,100.0,0,0,0
1820,とうもろこし油　　　,921,0,100.0,0,0,0
1821,なたね油　　　,921,0,100.0,0,0,0
1822,パーム油　　　,921,0,100.0,0,0,0
1823,パーム核油　　　,921,0,100.0,0,0,0
1824,ひまわり油　ハイリノール　,921,0,100.0,0,0,0
1825,ひまわり油  ミッドオレイック　　,921,0,100.0,0,0,0
1826,ひまわり油　ハイオレイック　　,921,0,100.0,0,0,0
1827,ぶどう油　　　,921,0,100.0,0,0,0
1828,綿実油　　　,921,0,100.0,0,0,0
1829,やし油　　　,921,0,100.0,0,0,0
1830,落花生油　　　,921,0,100.0,0,0,0
1831,牛脂　　　,940,0.2,99.8,0,0,0.00254
1832,ラード　　　,941,0,100.0,0,0,0
1833,有塩バター　　　,745,0.6,81.0,0.2,0,1.905
1834,食塩不使用バター　　　,763,0.5,83.0,0.2,0,0.02794
1835,発酵バター　　　,752,0.6,80.0,4.4,0,1.2954
1836,ソフトタイプマーガリン　家庭用　,769,0.4,83.1,0.4,0,1.27
1837,ソフトタイプマーガリン　業務用　,778,0.3,84.3,0.1,0,1.2446
1838,ファットスプレッド　　　,637,0.2,69.1,0,0,1.0668
1839,ショートニング　家庭用　　,920,0,99.9,0,0,0
1840,ショートニング　業務用　製菓　　　,921,0,99.9,0,0,0
1841,ショートニング　業務用　フライ　　　,920,0,99.9,0,0,0
1842,甘納豆　あずき　　　,296,5.6,0.6,71.8,4.7,0.1143
1843,甘納豆　いんげんまめ　　　,302,5.5,1.1,73.2,5.6,0.17018
1844,甘納豆　えんどう　　　,310,5.2,1.0,75,4.9,0.22352
1845,今川焼　　　　,221,4.5,1.0,50.4,1.9,0.14986
1846,ういろう　　　　,183,1.1,0.2,44.2,0.1,0.00254
1847,うぐいすもち　　　　,241,3.6,0.4,57.7,2.0,0.09144
1848,かしわもち　　　　,206,4.0,0.4,48.4,1.7,0.1397
1849,カステラ　　　　,319,6.2,4.6,63.8,0.6,0.13716
1850,かのこ　　　　,264,4.8,0.4,64.2,3.8,0.05588
1851,かるかん　　　　,230,2.1,0.3,55.1,0.4,0.00508
1852,きび団子　　　　,304,1.7,0.3,73.8,0.3,0.00254
1853,ぎゅうひ　　　　,257,1.3,0.2,62.6,0.1,0.00254
1854,きりざんしょ　　　　,248,2.1,0.3,59.5,0.2,0.16764
1855,きんぎょく糖　　　　,288,0,0,72.8,0.8,0.00508
1856,きんつば　　　　,265,6.0,0.7,64.3,5.7,0.3302
1857,草もち　　　　,229,4.2,0.4,54.1,2.0,0.04318
1858,くし団子　あん　　　,201,3.8,0.4,46.7,1.2,0.05334
1859,くし団子　みたらし　　,197,3.1,0.4,45.5,0.3,0.635
1860,くずもち　くずでん粉製品　　　,91,0.1,0.1,22.5,0,0.00254
1861,くずもち　小麦でん粉製品　,91,0.1,0.1,22.4,0,0.00254
1862,げっぺい　　　　,357,5.2,8.7,67,2.5,0.127
1863,五平もち　,181,3.0,0.5,41.8,0.8,0.5842
1864,桜もち　関東風　　　,239,4.5,0.4,56.9,2.6,0.1143
1865,桜もち　関西風　　　,200,3.4,0.2,47.8,1.7,0.08382
1866,笹だんご　　　　,239,3.9,0.5,56.9,2.2,0.06604
1867,大福もち　　　　,235,4.8,0.5,55.3,2.5,0.11684
1868,タルト（和菓子）　　　　,293,5.9,2.9,62.3,1.5,0.09144
1869,ちまき　　　　,153,1.3,0.2,36.5,0.1,0.00254
1870,ちゃつう　　　　,328,6.2,4.1,70.3,3.8,0.0127
1871,どら焼　　　　,284,6.6,2.5,61.8,3.1,0.3556
1872,生八つ橋　あん入り　　　　,279,4.5,0.4,67.3,3.0,0.04572
1873,ねりきり　　　　,264,5.3,0.3,63.7,3.6,0.00508
1874,まんじゅう　カステラまんじゅう　　　,294,6.6,1.6,66.4,3.0,0.11176
1875,まんじゅう　くずまんじゅう　　　,220,3.1,0.2,53.6,2.2,0.1143
1876,まんじゅう　くりまんじゅう　　　,309,6.0,1.3,71.2,3.0,0.0635
1877,まんじゅう　とうまんじゅう　　　,297,6.2,2.1,65.9,2.5,0.06096
1878,まんじゅう　蒸しまんじゅう　　　,260,4.9,0.4,62.1,2.9,0.16002
1879,まんじゅう　中華まんじゅう　あんまん　　,280,6.1,5.7,53.7,2.6,0.02794
1880,まんじゅう　中華まんじゅう　肉まん　　,260,10.0,5.1,46.7,3.2,1.1684
1881,もなか　　　　,285,4.8,0.4,68.7,3.1,0.00508
1882,ゆべし　　　　,327,2.4,3.5,71.8,0.6,0.5842
1883,ようかん　練りようかん　　　,296,3.6,0.2,73.1,3.1,0.00762
1884,ようかん　水ようかん　　　,171,2.6,0.1,42.2,2.2,0.14478
1885,ようかん　蒸しようかん　　　,242,4.4,0.3,58.3,2.9,0.21082
1886,あめ玉　　　　,390,0,0,97.5,0,0.00254
1887,芋かりんとう　　　　,476,1.4,20.5,73.9,2.6,0.03302
1888,おこし　　　　,383,3.8,0.8,90.5,0.4,0.2413
1889,おのろけ豆　　　　,448,11.7,13.5,72.1,2.3,0.9906
1890,かりんとう　黒　　　,440,7.6,11.6,77.5,1.2,0.01778
1891,かりんとう　白　　　,444,9.7,11.2,77.9,1.7,0.00254
1892,ごかぼう　　　　,387,10.7,6.4,76.2,4.6,0.00254
1893,小麦粉せんべい　磯部せんべい　　　,381,4.3,0.8,90.6,1.3,1.27
1894,小麦粉せんべい　かわらせんべい　　　,398,7.5,3.5,85.1,1.1,0.3302
1895,小麦粉せんべい　巻きせんべい　　　,392,4.3,1.4,91.3,1.0,0.09906
1896,小麦粉せんべい　南部せんべい　ごま入り　　,431,11.2,10.8,76.5,4.2,1.0922
1897,小麦粉せんべい　南部せんべい　落花生入り　　,428,11.7,9.6,77.3,3.5,0.8636
1898,しおがま　　　　,355,2.7,0.3,86,0.6,1.4732
1899,ひなあられ　関東風　　　,400,5.1,4.3,86.6,1.3,0.17018
1900,ひなあられ　関西風　　　,398,7.7,3.1,85.9,1.3,1.4732
1901,米菓　揚げせんべい　　　,465,5.7,17.5,71.7,0.5,1.2446
1902,米菓　甘辛せんべい　　　,380,6.7,0.9,86.9,0.6,1.1684
1903,米菓　あられ　　　,381,7.9,1.4,85.5,1.3,1.7018
1904,米菓　しょうゆせんべい　　　,373,7.8,1.0,83.9,0.8,1.9558
1905,ボーロ　小粒　　　,391,2.5,2.2,90.4,0,0.0762
1906,ボーロ　そばボーロ　　　,406,7.7,3.4,87.6,1.5,0.3302
1907,松風　　　　,381,4.0,0.7,90.9,1.2,0.06858
1908,みしま豆　　　　,430,12.4,8.7,81.7,6.1,0.00254
1909,八つ橋　　　　,394,3.3,0.5,94.5,0.3,0.00254
1910,らくがん　らくがん　　　,389,2.4,0.2,94.5,0.2,0.00508
1911,らくがん　麦らくがん　　　,397,4.7,1.8,95.8,5.4,0.00508
1912,らくがん　もろこしらくがん　　　,389,7.3,0.3,96.6,7.3,0.3302
1913,揚げパン　　　　,377,8.7,18.7,45.3,1.8,1.143
1914,あんパン　　　　,280,7.9,5.3,52.9,2.7,0.7112
1915,あんパン　薄皮タイプ　,260,6.6,2.4,57.7,4.9,0.381
1916,カレーパン 皮及び具　,321,6.6,18.3,33.9,1.6,1.2446
1917,カレーパン　皮のみ　,384,7.2,22.4,39.7,1.3,0.9906
1918,カレーパン　具のみ　,180,5.3,9.3,21.2,2.4,1.8034
1919,クリームパン　　　　,305,10.3,10.9,42.6,1.2,0.889
1920,クリームパン　薄皮タイプ　,227,6.6,8.0,33,0.7,0.4572
1921,ジャムパン　　　　,297,6.6,5.8,56.3,1.8,0.7874
1922,チョココロネ　　　　,337,7.1,15.3,44.1,1.3,0.8636
1923,チョコパン　薄皮タイプ　,348,5.5,18.7,40.4,0.9,0.6604
1924,メロンパン　　　　,366,8.0,10.5,61.6,1.7,0.5334
1925,シュークリーム　　　　,228,6.0,11.3,25.9,0.3,0.2413
1926,スポンジケーキ　　　　,298,8.1,5.6,54.6,0.8,0.16002
1927,ショートケーキ 果実なし　　　　,327,7.1,13.8,44.2,0.6,0.20066
1928,タルト（洋菓子）　　　　,262,4.2,13.2,32.4,1.0,0.2032
1929,チーズケーキ　ベイクドチーズケーキ　　　,318,8.5,21.2,23.5,0.2,0.4572
1930,チーズケーキ　レアチーズケーキ　　　,364,5.8,28.0,0,-,0.508
1931,デニッシュペストリー　　　　,417,7.0,24.7,43.3,1.6,0.9398
1932,ドーナッツ　イーストドーナッツ　　　,386,7.2,20.2,45.4,1.5,0.7874
1933,ドーナッツ　ケーキドーナッツ　　　,375,7.2,11.7,61.4,1.2,0.4064
1934,パイ　パイ皮　　　,435,7.7,33.7,26.9,1.7,1.2954
1935,パイ　アップルパイ　　　,304,4.0,17.5,34,1.3,0.6604
1936,パイ　ミートパイ　　　,397,9.9,29.9,23.8,1.8,1.6002
1937,バターケーキ　　　　,443,5.8,25.4,48.6,0.7,0.6096
1938,ホットケーキ　　　　,261,7.7,5.4,46.3,1.1,0.6604
1939,ワッフル　カスタードクリーム入り　　　,252,7.3,7.9,0,-,0.1651
1940,ワッフル　ジャム入り　　　,287,4.8,4.2,58.6,1.3,0.12954
1941,カスタードプリン　　　　,126,5.5,5.0,0,-,0.17018
1942,牛乳寒天　　,65,1.1,1.3,12.7,0.5,0.0381
1943,ゼリー　オレンジ　　　,89,2.1,0.1,20,0.2,0.0127
1944,ゼリー　コーヒー　　　,48,1.6,0,0,-,0.0127
1945,ゼリー　ミルク　　　,109,4.3,3.7,14.4,0,0.10922
1946,ゼリー　ワイン　　　,66,1.7,0,13.3,0,0.0127
1947,ババロア　　　　,218,5.6,12.8,20,0,0.13208
1948,ウエハース　　　　,454,7.6,13.6,76.5,1.2,1.2192
1949,ウエハース、クリーム入り　,499,5.9,22.0,70.3,0.9,0.9398
1950,クラッカー　オイルスプレークラッカー　　　,492,8.5,22.5,66,2.1,1.5494
1951,クラッカー　ソーダクラッカー　　　,427,10.4,9.8,76.5,2.1,1.8542
1952,サブレ　　　　,465,6.1,16.5,74.3,1.3,0.18542
1953,中華風クッキー　　　　,533,5.1,29.5,63,1.1,0.24638
1954,ビスケット　ハードビスケット　　　,432,7.6,10.0,80.1,2.3,0.8128
1955,ビスケット　ソフトビスケット　　　,522,5.7,27.6,64,1.4,0.5588
1956,プレッツェル　　　　,480,9.9,18.6,70.8,2.6,1.905
1957,リーフパイ　　　　,566,5.8,35.6,57.5,1.7,0.13716
1958,ロシアケーキ　　　　,498,5.7,23.6,67.5,1.8,0.508
1959,小麦粉あられ　　　　,481,7.6,19.5,71.1,2.3,1.8034
1960,コーンスナック　　　　,526,5.2,27.1,66.3,1.0,1.1938
1961,ポテトチップス　ポテトチップス　　　,554,4.7,35.2,58.9,4.2,1.016
1962,ポテトチップス　成形ポテトチップス　　　,540,5.8,32.0,62.1,4.8,0.9144
1963,かわり玉　　　　,385,0,0,99.5,0,0.00254
1964,キャラメル　　　　,433,4.0,11.7,77.9,0,0.2794
1965,ゼリーキャンデー　　　　,336,0,0,84.9,0.9,0.00508
1966,ゼリービーンズ　　　　,362,0.1,0,91.2,0.9,0.00508
1967,ドロップ　　　　,392,0,0,98,0,0.00254
1968,バタースコッチ　　　　,423,0,6.5,91.1,0,0.4064
1969,ブリットル　　　　,521,13.3,26.5,61,3.7,0.18288
1970,マシュマロ　　　　,326,2.2,0,79.3,0,0.01778
1971,ラムネ　,373,0,0.5,92.2,0,0.17018
1972,アーモンドチョコレート　　　　,583,11.4,40.4,49.4,6.1,0.10414
1973,カバーリングチョコレート　　　　,511,7.0,25.4,66.5,3.1,0.3556
1974,ホワイトチョコレート　　　　,588,7.2,39.5,51.5,0.6,0.23368
1975,ミルクチョコレート　　　　,558,6.9,34.1,59.7,3.9,0.16256
1976,マロングラッセ　　　　,317,1.1,0.3,0,-,0.07112
1977,板ガム　　　　,388,0,0,96.9,0,0.00762
1978,糖衣ガム　　　　,390,0,0,97.6,0,0.00508
1979,風船ガム　　　　,387,0,0,96.7,0,0.00762
1980,カスタードクリーム　　　　,187,5.1,7.5,25.1,0.2,0.08382
1981,しるこ　こしあん　,216,4.7,0.3,51.9,3.2,0.00508
1982,しるこ　つぶしあん　,183,4.2,0.5,44.8,4.3,0.10668
1983,清酒　普通酒　　,109,0.4,0,4.9,0,0.00508
1984,清酒　純米酒　　,103,0.4,0,3.6,0,0.01016
1985,清酒　本醸造酒　　,107,0.4,0,4.5,0,0.00508
1986,清酒　吟醸酒　　,104,0.3,0,3.6,0,0.00508
1987,清酒　純米吟醸酒　　,103,0.4,0,4.1,0,0.00762
1988,ビール　淡色　　,40,0.3,0,3.1,0,0.00762
1989,ビール　黒　　,46,0.4,0,3.8,0.2,0.00762
1990,ビール　スタウト　　,63,0.5,0,5.2,0.3,0.01016
1991,発泡酒　　　,45,0.1,0,3.6,0,0.00254
1992,ぶどう酒　白　　,73,0.1,0,0,-,0.00762
1993,ぶどう酒　赤　　,73,0.2,0,0,-,0.00508
1994,ぶどう酒　ロゼ　　,77,0.1,0,4,0,0.01016
1995,紹興酒　　　　,127,1.7,0,0,0,0.0381
1996,しょうちゅう　連続式蒸留しょうちゅう　　,206,0,0,0,0,0
1997,しょうちゅう　単式蒸留しょうちゅう　　,146,0,0,0,0,0
1998,ウイスキー　　　,237,0,0,0,0,0.00508
1999,ブランデー　　　,237,0,0,0,0,0.01016
2000,ウオッカ　　　,240,0,0,0,0,0
2001,ジン　　　,284,0,0,0.1,0,0
2002,ラム　　　,240,0,0,0.1,0,0.00762
2003,マオタイ酒　　　,322,0,0,0,0,0
2004,梅酒　　　,156,0.1,0,0,-,0.01016
2005,合成清酒　　　,109,0.1,0,0,-,0.02794
2006,白酒　　　,238,1.9,0,0,-,0.0127
2007,みりん　本みりん　　,241,0.3,0,0,-,0.00762
2008,みりん　本直し　　,181,0.1,0,0,-,0.00762
2009,薬味酒　　　,182,0,0,0,-,0.00254
2010,キュラソー　　　,322,0,0,0,-,0.00254
2011,スイートワイン　　　,133,0.1,0,0,-,0.0127
2012,ペパーミント　　　,302,0,0,0,-,0.01016
2013,ベルモット　甘口タイプ　　,152,0.1,0,0,-,0.01016
2014,ベルモット　辛口タイプ　　,117,0.1,0,0,-,0.01016
2015,　玉露　茶　,329,29.1,4.1,87.8,43.9,0.02794
2016,　玉露　浸出液　,5,1.3,0,0,-,0.00508
2017,　抹茶　　,324,29.6,5.3,78,38.5,0.01524
2018,　せん茶　茶　,331,24.5,4.7,94.2,46.5,0.00762
2019,　せん茶　浸出液　,2,0.2,0,0,-,0.00762
2020,　かまいり茶　浸出液　,0,0.1,0,0,-,0.00254
2021,　番茶　浸出液　,0,0,0,0,-,0.00508
2022,　ほうじ茶　浸出液　,0,0,0,0,-,0.00254
2023,　玄米茶　浸出液　,0,0,0,0,0,0.00508
2024,　ウーロン茶　浸出液　,0,0,0,0,-,0.00254
2025,　紅茶　茶　,311,20.3,2.5,89.8,38.1,0.00762
2026,　紅茶　浸出液　,1,0.1,0,0,-,0.00254
2027,コーヒー　浸出液　　,4,0.2,0,0,-,0.00254
2028,コーヒー　インスタントコーヒー　　,288,14.7,0.3,0,-,0.08128
2029,コーヒー　コーヒー飲料　乳成分入り　加糖　　,38,0.7,0.3,0,-,0.0762
2030,ココア　ピュアココア　　,271,18.5,21.6,66.3,23.9,0.04064
2031,ココア　ミルクココア　　,412,7.4,6.8,85.9,5.5,0.6858
2032,青汁　ケール　,375,13.8,4.4,98.2,28.0,0.5842
2033,甘酒　　　,81,1.7,0.1,18.7,0.4,0.1524
2034,昆布茶　　　,98,5.7,0.4,45,2.7,48.26
2035,スポーツドリンク　　　,21,0,0,0,0,0.07874
2036,果実色飲料　　,51,0,0,0,-,0.00508
2037,コーラ　　,46,0.1,0,0,-,0.00508
2038,サイダー　　,41,0,0,0,-,0.01016
2039,ビール風味炭酸飲料　　,5,0.1,0,0,-,0.00762
2040,麦茶　浸出液　　,1,0,0,0,-,0.00254
2041,ウスターソース　　　,117,1.0,0.1,27.3,0.5,8.382
2042,中濃ソース　　　,132,0.8,0.1,31.8,1.0,5.842
2043,濃厚ソース　　　,132,0.9,0.1,31.9,1.0,5.588
2044,お好み焼きソース　　　,148,1.6,0.1,35.3,1.0,5.08
2045,トウバンジャン　　　,60,2.0,2.3,12.2,4.3,17.78
2046,チリペッパーソース　　　,55,0.7,0.5,0,-,1.6002
2047,ラー油　　　,919,0.1,99.8,0,-,0
2048,こいくちしょうゆ　　　,71,7.7,0,10.1,0,14.478
2049,うすくちしょうゆ　　　,54,5.7,0,7.8,0,16.002
2050,たまりしょうゆ　　　,111,11.8,0,15.9,0,12.954
2051,さいしこみしょうゆ　　　,102,9.6,0,15.9,0,12.446
2052,しろしょうゆ　　　,87,2.5,0,19.2,0,14.224
2053,減塩しょうゆ　こいくち　,69,8.1,0,9,0,8.382
2054,だししょうゆ　,37,4.0,0,0,-,7.366
2055,照りしょうゆ　,170,2.4,0,0,-,4.064
2056,食塩　　　,0,0,0,0,0,99.06
2060,黒酢　　　,54,1.0,0,9,0,0.0254
2061,穀物酢　　　,25,0.1,0,2.4,0,0.01524
2062,米酢　　　,46,0.2,0,7.4,0,0.03048
2063,果実酢　バルサミコ酢　　,99,0.5,0,19.4,0,0.07366
2064,果実酢　ぶどう酢　　,22,0.1,0,1.2,0,0.01016
2065,果実酢　りんご酢　　,26,0.1,0,2.4,0,0.04572
2066,かつおだし　　　,3,0.5,0.1,0,0,0.0508
2067,昆布だし　　　,4,0.1,0,0,-,0.15494
2068,かつお・昆布だし　　　,2,0.3,0,0,-,0.08636
2069,しいたけだし　　　,4,0.1,0,0,-,0.00762
2070,煮干しだし　　　,1,0.1,0.1,0,0,0.09652
2071,鳥がらだし　　　,7,1.1,0.2,0,0,0.0762
2072,中華だし　　　,3,0.8,0,0,-,0.0508
2073,洋風だし　　　,6,1.3,0,0,-,0.4572
2074,固形ブイヨン　,235,7.0,4.3,42.4,0.3,43.18
2075,顆粒おでん用　,168,9.6,0.1,32.2,0,55.88
2076,顆粒中華だし　　　,211,12.6,1.6,36.6,0,48.26
2077,顆粒和風だし　　　,224,24.2,0.3,31.1,0,40.64
2078,めんつゆ　ストレート　　,44,2.2,0,0,-,3.302
2079,めんつゆ　三倍濃厚　　,98,4.5,0,0,-,9.906
2080,甘酢　　　,125,0.1,0,28.4,0,1.1938
2081,エビチリの素　　　,55,1.2,1.4,0,-,1.7526
2082,オイスターソース　　　,107,7.7,0.3,18.5,0.2,11.43
2083,黄身酢　　　,230,6.5,13.0,20.3,0,5.842
2084,ごま酢　　　,217,4.0,8.0,0,-,1.7272
2085,ごまだれ　　　,285,7.4,14.1,0,-,4.318
2086,三杯酢　　　,86,0.9,0,0,-,1.9812
2087,二杯酢　,57,3.5,0,8.6,0,6.35
2088,すし酢　ちらし・稲荷用　,150,0.1,0,34.9,0,6.35
2089,すし酢　にぎり用　,70,0.2,0,14.3,0,9.906
2090,すし酢　巻き寿司・箱寿司用　,107,0.1,0,23.8,0,8.636
2091,中華風合わせ酢　　,151,3.0,3.4,0,0,5.588
2092,デミグラスソース　　　,82,2.9,3.0,0,-,1.3208
2093,テンメンジャン　　　,256,8.5,7.7,41.2,3.1,7.366
2094,ナンプラー　　　,48,9.1,0.1,2.7,0,22.86
2095,冷やし中華のたれ　　　,57,2.6,1.5,0,-,4.064
2096,ホワイトソース　　　,99,1.8,6.2,9.6,0.4,0.9652
2097,ぽん酢しょうゆ　　,47,3.4,0.1,8.4,0.2,5.842
2098,マーボー豆腐の素　　　,115,4.2,6.3,0,-,3.556
2099,マリネ液　　　,68,0.1,0,0,-,0.9398
2100,ミートソース　　　,101,3.8,5.0,0,-,1.5494
2101,焼き鳥のたれ　　　,131,3.2,0,0,-,5.842
2102,焼き肉のたれ　　　,169,4.3,2.2,33.5,0.4,8.382
2103,みたらしのたれ　　　,128,0.9,0,0,-,1.6764
2104,ゆずこしょう　　　,49,1.3,0.8,15.5,6.2,25.146
2105,トマトピューレー　　　,41,1.9,0.1,11.7,1.8,0.04826
2106,トマトペースト　　　,89,3.8,0.1,26.7,4.7,0.1397
2107,トマトケチャップ　　　,119,1.7,0,29.2,1.8,3.302
2108,トマトソース　　　,44,2.0,0.2,9.6,1.1,0.6096
2109,チリソース　　　,115,1.8,0.1,28.2,1.9,3.048
2110,和風ドレッシングタイプ調味料　　　,82,3.1,0.1,16.3,0.2,7.366
2111,フレンチドレッシング　　　,406,0.1,41.9,5.9,0,3.048
2112,和風ドレッシング　　　,198,2.2,18.4,0,-,3.81
2113,ごまドレッシング　　　,360,8.5,26.3,25.4,4.2,2.794
2114,サウザンアイランドドレッシング　　　,416,1.0,41.4,9.5,0.3,3.556
2115,マヨネーズ　全卵型　　,703,1.5,75.3,4.5,0,1.7526
2116,マヨネーズ　卵黄型　　,670,2.8,72.3,1.7,0,2.286
2117,マヨネーズタイプ調味料　低カロリータイプ　　,282,2.9,28.3,4.1,0.8,3.81
2118,米みそ　甘みそ　　,217,9.7,3.0,43.5,5.6,6.096
2119,米みそ　淡色辛みそ　　,192,12.5,6.0,26.8,4.9,12.446
2120,米みそ　赤色辛みそ　　,186,13.1,5.5,25.2,4.1,12.954
2121,麦みそ　　　,198,9.7,4.3,36.3,6.3,10.668
2122,豆みそ　　　,217,17.2,10.5,21,6.5,10.922
2123,減塩みそ　　　,192,10.8,5.7,28.8,4.3,10.414
2124,だし入りみそ　　　,194,13.2,5.7,27,4.6,14.224
2125,即席みそ　粉末タイプ　　,343,21.9,9.3,49.6,6.6,20.574
2126,即席みそ　ペーストタイプ　　,131,8.9,3.7,18.2,2.8,9.652
2127,辛子酢みそ　　,221,5.0,2.1,0,-,3.302
2128,ごまみそ　　,258,9.4,9.9,38.4,5.5,4.064
2129,酢みそ　　,216,4.9,1.5,47.6,2.8,3.048
2130,練りみそ　　,273,5.5,1.7,62.2,3.2,3.556
2131,カレールウ　　　,512,6.5,34.1,48.4,3.7,10.668
2132,ハヤシルウ　　　,512,5.8,33.2,50,2.5,10.668
2133,お茶漬けの素　さけ　　,264,20.3,3.7,40.9,3.5,33.02
2134,酒かす　　　,227,14.9,1.5,29,5.2,0.0127
2135,即席すまし汁　　,203,18.1,0.8,34.2,3.3,45.72
2136,ふりかけ　たまご　　,450,23.4,21.9,45,5.1,9.144
2137,みりん風調味料　　　,226,0.1,0,54.9,0,0.17272
2138,オールスパイス　粉　　　,374,5.6,5.6,0,-,0.13462
2139,オニオンパウダー　　　　,364,8.8,1.1,0,-,0.13208
2140,からし　粉　　　,436,33.0,14.3,0,-,0.08636
2141,からし　練り　　　,315,5.9,14.5,0,-,7.366
2142,からし　練りマスタード　　　,174,4.8,10.6,0,-,3.048
2143,からし　粒入りマスタード　　　,229,7.6,16.0,0,-,4.064
2144,カレー粉　　　　,415,13.0,12.2,100.2,36.9,0.1016
2145,クローブ　粉　　　,417,7.2,13.6,0,-,0.7112
2146,こしょう　黒　粉　　　,364,11.0,6.0,0,-,0.1651
2147,こしょう　白　粉　　　,378,10.1,6.4,0,-,0.01016
2148,こしょう　混合　粉　　　,371,10.6,6.2,0,-,0.0889
2149,さんしょう　粉　　　,375,10.3,6.2,0,-,0.0254
2150,シナモン　粉　　　,364,3.6,3.5,0,-,0.05842
2151,しょうが　粉　　　,365,7.8,4.9,0,-,0.07874
2152,しょうが　おろし　　　,43,0.7,0.6,0,-,1.4732
2153,セージ　粉　　　,384,6.4,10.1,0,-,0.3048
2154,タイム　粉　　　,352,6.5,5.2,0,-,0.03302
2155,チリパウダー　　　　,374,15.0,8.2,0,-,6.35
2156,とうがらし　粉　　　,419,16.2,9.7,0,-,0.01016
2157,ナツメグ　粉　　　,559,5.7,38.5,0,-,0.0381
2158,にんにく　ガーリックパウダー　食塩無添加　　,382,19.9,0.8,0,-,0.04572
2159,にんにく　ガーリックパウダー　食塩添加　　,382,19.9,0.8,0,-,8.382
2160,にんにく　おろし　　　,171,4.7,0.5,0,-,4.572
2161,バジル　粉　　　,307,21.1,2.2,0,-,0.14986
2162,パセリ　乾　　　,341,28.7,2.2,0,-,2.2352
2163,パプリカ　粉　　　,389,15.5,11.6,0,-,0.1524
2164,わさび　粉　からし粉入り　　　,384,16.5,4.4,0,-,0.0762
2165,わさび　練り　　　,265,3.3,10.3,0,-,6.096
2166,酵母　パン酵母　圧搾　　　,103,16.5,1.5,22.4,10.3,0.09906
2167,酵母　パン酵母　乾燥　　　,313,37.1,6.8,75.7,32.6,0.3048
2168,天ぷら用バッター　　,137,3.4,0.5,30.7,1.0,0.20574
2169,ベーキングパウダー　　　　,127,0,1.2,0,-,17.272
2170,カレー　ビーフ　レトルトパウチ　　　,118,3.3,7.3,0,-,1.2954
2171,ぎょうざ　冷凍　　　,197,7.1,8.1,0,-,1.2446
2172,グラタン　えび　冷凍　　　,133,4.8,6.7,0,-,0.889
2173,コーンクリームスープ　粉末タイプ　　　,425,8.1,13.7,0,-,7.112
2174,コーンクリームスープ　レトルトパウチ　　　,86,2.0,4.8,0,-,0.7112
2175,コロッケ　クリームタイプ　フライ用　冷凍　　　,159,4.7,6.3,0,-,0.6858
2176,コロッケ　クリームタイプ　フライ済み　冷凍　　　,256,5.1,16.2,0,-,0.6858
2177,コロッケ　ポテトタイプ　フライ用　冷凍　　　,164,4.6,4.9,0,-,0.7366
2178,コロッケ　ポテトタイプ　フライ済み　冷凍　　　,279,4.6,17.6,0,-,0.7366
2179,いかフライ　フライ用　冷凍　　　,146,10.6,2.0,0,-,0.762
2180,いかフライ　フライ済み　冷凍　　　,329,12.1,20.3,0,-,0.762
2181,えびフライ　フライ用　冷凍　　　,139,10.2,1.9,0,-,0.8636
2182,えびフライ　フライ済み　冷凍　　　,292,9.1,20.3,0,-,0.8636
2183,白身フライ　フライ用　冷凍　　　,148,11.6,2.7,0,-,0.8636
2184,白身フライ　フライ済み　冷凍　　　,300,9.7,21.8,0,-,0.8636
2185,シチュー　ビーフ　レトルトパウチ　　　,118,6.0,7.2,0,-,0.7366
2186,しゅうまい　冷凍　　　,215,9.3,11.2,0,-,1.3208
2187,ハンバーグ　冷凍　　　,223,13.3,13.4,0,-,1.2446
2188,ピラフ　冷凍　　　,161,3.8,2.8,0,-,0.9398
2189,ミートボール　冷凍　　　,244,11.7,16.4,0,-,1.3208
2190,メンチカツ　フライ用　冷凍　　　,196,9.9,7.2,0,-,1.0668
2191,メンチカツ　フライ済み　冷凍　,308,9.4,20.3,0,-,1.0668